,Albania,Algeria,Angola,Argentina,Armenia,Australia,Austria,Azerbaijan,Bahrain,Bangladesh,Belarus,Belgium,Benin,Bolivia,Bosnia and Herzegovina,Botswana,Brazil,Brunei,Bulgaria,Cambodia,Cameroon,Canada,Chile,China,Colombia,"Congo, Dem. Rep.","Congo, Rep.",Costa Rica,Cote d'Ivoire,Croatia,Cuba,Cyprus,Czech Republic,Denmark,Dominican Republic,Ecuador,Egypt,El Salvador,Eritrea,Estonia,Ethiopia,Finland,France,Gabon,Georgia,Germany,Ghana,Greece,Guatemala,Haiti,Honduras,Hungary,Iceland,India,Indonesia,Iran,Iraq,Ireland,Israel,Italy,Jamaica,Japan,Jordan,Kazakhstan,Kenya,Kuwait,Kyrgyz Republic,Latvia,Lebanon,Libya,Lithuania,Luxembourg,Malaysia,Malta,Mexico,Moldova,Mongolia,Morocco,Mozambique,Myanmar,Namibia,Nepal,Netherlands,New Zealand,Nicaragua,Nigeria,North Korea,North Macedonia,Norway,Oman,Pakistan,Panama,Paraguay,Peru,Philippines,Poland,Portugal,Qatar,Romania,Russia,Saudi Arabia,Senegal,Serbia,Singapore,Slovak Republic,Slovenia,South Africa,South Korea,Spain,Sri Lanka,Sudan,Sweden,Switzerland,Syria,Tajikistan,Tanzania,Thailand,Togo,Trinidad and Tobago,Tunisia,Turkey,Turkmenistan,Ukraine,United Arab Emirates,United Kingdom,United States,Uruguay,Uzbekistan,Venezuela,Vietnam,Yemen,Zambia,Zimbabwe,Energy_Production_Asia,Energy_Production_Africa,Energy_Production_Europe,Energy_Production_NA,Energy_Production_SA,Energy_Production_Oceania
1960,0.0,0.0,0.0,0.0,0.0,21300.0,7360.0,0.0,0.0,0.0,0.0,14000.0,0.0,0.0,0.0,0.0,0.0,0.0,0.0,0.0,0.0,57100.0,0.0,0.0,0.0,0.0,0.0,0.0,0.0,0.0,0.0,0.0,0.0,995.0,0.0,0.0,0.0,0.0,0.0,0.0,0.0,5290.0,45300.0,0.0,0.0,125000.0,0.0,322.0,0.0,0.0,0.0,0.0,151.0,0.0,0.0,0.0,0.0,1380.0,0.0,13800.0,0.0,47000.0,0.0,0.0,0.0,0.0,0.0,0.0,0.0,0.0,0.0,1.72,0.0,0.0,0.0,0.0,0.0,0.0,0.0,0.0,0.0,0.0,10200.0,2490.0,0.0,0.0,0.0,0.0,2970.0,0.0,0.0,0.0,0.0,0.0,0.0,64800.0,1270.0,0.0,0.0,0.0,0.0,0.0,0.0,0.0,0.0,0.0,0.0,0.0,9840.0,0.0,0.0,5480.0,2110.0,0.0,0.0,0.0,0.0,0.0,0.0,0.0,9370.0,0.0,0.0,0.0,115000.0,965000.0,0.0,0.0,0.0,0.0,0.0,0.0,0.0,47000.0,0.0,434639.72,1022100.0,0.0,23790.0
1961,0.0,0.0,0.0,0.0,0.0,22500.0,7120.0,0.0,0.0,0.0,0.0,13400.0,0.0,0.0,0.0,0.0,0.0,0.0,0.0,0.0,0.0,64300.0,0.0,0.0,0.0,0.0,0.0,0.0,0.0,0.0,0.0,0.0,0.0,932.0,0.0,0.0,0.0,0.0,0.0,0.0,0.0,5500.0,44100.0,0.0,0.0,127000.0,0.0,341.0,0.0,0.0,0.0,0.0,158.0,0.0,0.0,0.0,0.0,1350.0,0.0,14100.0,0.0,49900.0,0.0,0.0,0.0,0.0,0.0,0.0,0.0,0.0,0.0,4.9,0.0,0.0,0.0,0.0,0.0,0.0,0.0,0.0,0.0,0.0,10500.0,2580.0,0.0,0.0,0.0,0.0,3150.0,0.0,0.0,0.0,0.0,0.0,0.0,66800.0,1320.0,0.0,0.0,0.0,0.0,0.0,0.0,0.0,0.0,0.0,0.0,0.0,9950.0,0.0,0.0,5930.0,2200.0,0.0,0.0,0.0,0.0,0.0,0.0,0.0,9480.0,0.0,0.0,0.0,113000.0,973000.0,0.0,0.0,0.0,0.0,0.0,0.0,0.0,49900.0,0.0,436335.9,1037300.0,0.0,25080.0
1962,0.0,0.0,0.0,0.0,0.0,22900.0,7290.0,0.0,0.0,0.0,0.0,13200.0,0.0,0.0,0.0,0.0,0.0,0.0,0.0,0.0,0.0,74200.0,0.0,0.0,0.0,0.0,0.0,0.0,0.0,0.0,0.0,0.0,0.0,919.0,0.0,0.0,0.0,0.0,0.0,0.0,0.0,5560.0,44700.0,0.0,0.0,127000.0,0.0,385.0,0.0,0.0,0.0,0.0,170.0,0.0,0.0,0.0,0.0,1350.0,0.0,14100.0,0.0,48100.0,0.0,0.0,0.0,0.0,0.0,0.0,0.0,0.0,0.0,3.87,0.0,0.0,0.0,0.0,0.0,0.0,0.0,0.0,0.0,0.0,9980.0,2700.0,0.0,0.0,0.0,0.0,3600.0,0.0,0.0,0.0,0.0,0.0,0.0,68700.0,1280.0,0.0,0.0,0.0,0.0,0.0,0.0,0.0,0.0,0.0,0.0,0.0,9310.0,0.0,0.0,6110.0,2210.0,0.0,0.0,0.0,0.0,0.0,0.0,0.0,9730.0,0.0,0.0,0.0,118000.0,1010000.0,0.0,0.0,0.0,0.0,0.0,0.0,0.0,48100.0,0.0,443597.87,1084200.0,0.0,25600.0
1963,0.0,0.0,0.0,0.0,0.0,23600.0,7750.0,0.0,0.0,0.0,0.0,13400.0,0.0,0.0,0.0,0.0,0.0,0.0,0.0,0.0,0.0,78900.0,0.0,0.0,0.0,0.0,0.0,0.0,0.0,0.0,0.0,0.0,0.0,904.0,0.0,0.0,0.0,0.0,0.0,0.0,0.0,5390.0,42600.0,0.0,0.0,130000.0,0.0,495.0,0.0,0.0,0.0,0.0,184.0,0.0,0.0,0.0,0.0,1350.0,0.0,14700.0,0.0,47200.0,0.0,0.0,0.0,0.0,0.0,0.0,0.0,0.0,0.0,0.172,0.0,0.0,0.0,0.0,0.0,0.0,0.0,0.0,0.0,0.0,10100.0,3030.0,0.0,0.0,0.0,0.0,3690.0,0.0,0.0,0.0,0.0,0.0,0.0,71300.0,1320.0,0.0,0.0,0.0,0.0,0.0,0.0,0.0,0.0,0.0,0.0,0.0,10000.0,0.0,0.0,6000.0,2320.0,0.0,0.0,0.0,0.0,0.0,0.0,0.0,10200.0,0.0,0.0,0.0,118000.0,1060000.0,0.0,0.0,0.0,0.0,0.0,0.0,0.0,47200.0,0.0,449703.172,1138900.0,0.0,26630.0
1964,0.0,0.0,0.0,0.0,0.0,25400.0,7700.0,0.0,0.0,0.0,0.0,13300.0,0.0,0.0,0.0,0.0,0.0,0.0,0.0,0.0,0.0,85300.0,0.0,0.0,0.0,0.0,0.0,0.0,0.0,0.0,0.0,0.0,0.0,805.0,0.0,0.0,0.0,0.0,0.0,0.0,0.0,5390.0,45800.0,0.0,0.0,132000.0,0.0,520.0,0.0,0.0,0.0,0.0,199.0,0.0,0.0,0.0,0.0,1370.0,0.0,15900.0,0.0,48000.0,0.0,0.0,0.0,0.0,0.0,0.0,0.0,0.0,0.0,6.45,0.0,0.0,0.0,0.0,0.0,0.0,0.0,0.0,0.0,0.0,10400.0,3350.0,0.0,0.0,0.0,0.0,4120.0,0.0,0.0,0.0,0.0,0.0,0.0,75700.0,1350.0,0.0,0.0,0.0,0.0,0.0,0.0,0.0,0.0,0.0,0.0,0.0,9460.0,0.0,0.0,6490.0,2280.0,0.0,0.0,0.0,0.0,0.0,0.0,0.0,10600.0,0.0,0.0,0.0,117000.0,1100000.0,0.0,0.0,0.0,0.0,0.0,0.0,0.0,48000.0,0.0,460390.45,1185300.0,0.0,28750.0
1965,0.0,0.0,0.0,0.0,0.0,28300.0,8000.0,0.0,0.0,0.0,0.0,12400.0,0.0,0.0,0.0,0.0,0.0,0.0,0.0,0.0,0.0,89700.0,0.0,0.0,0.0,0.0,0.0,0.0,0.0,0.0,0.0,0.0,0.0,785.0,0.0,0.0,0.0,0.0,0.0,0.0,0.0,5440.0,46000.0,0.0,0.0,126000.0,0.0,641.0,0.0,0.0,0.0,10400.0,201.0,0.0,0.0,0.0,0.0,1120.0,0.0,16000.0,0.0,48100.0,0.0,0.0,0.0,0.0,0.0,0.0,0.0,0.0,0.0,8.51,0.0,0.0,0.0,0.0,0.0,0.0,0.0,0.0,0.0,0.0,11100.0,3380.0,0.0,0.0,0.0,0.0,4550.0,0.0,0.0,0.0,0.0,0.0,0.0,77300.0,1370.0,0.0,0.0,0.0,0.0,0.0,0.0,0.0,0.0,0.0,0.0,0.0,9850.0,0.0,0.0,6770.0,2530.0,0.0,0.0,0.0,0.0,0.0,0.0,0.0,11200.0,0.0,0.0,0.0,115000.0,1140000.0,0.0,0.0,0.0,0.0,0.0,0.0,0.0,48100.0,0.0,466665.51,1229700.0,0.0,31680.0
1966,0.0,0.0,0.0,0.0,0.0,29600.0,8150.0,0.0,0.0,0.0,0.0,10900.0,0.0,0.0,0.0,0.0,0.0,0.0,0.0,0.0,0.0,96800.0,0.0,0.0,0.0,0.0,0.0,0.0,0.0,0.0,0.0,0.0,0.0,740.0,0.0,0.0,0.0,0.0,0.0,0.0,0.0,5460.0,45900.0,0.0,0.0,120000.0,0.0,764.0,0.0,0.0,0.0,10400.0,222.0,0.0,0.0,0.0,0.0,1260.0,0.0,16700.0,0.0,48900.0,0.0,0.0,0.0,0.0,0.0,0.0,0.0,0.0,0.0,7.74,0.0,0.0,0.0,0.0,0.0,0.0,0.0,0.0,0.0,0.0,11400.0,3420.0,0.0,0.0,0.0,0.0,4480.0,0.0,0.0,0.0,0.0,0.0,0.0,79900.0,1450.0,0.0,0.0,0.0,0.0,0.0,0.0,0.0,0.0,0.0,0.0,0.0,10500.0,0.0,0.0,6590.0,2730.0,0.0,0.0,0.0,0.0,0.0,0.0,0.0,12200.0,0.0,0.0,0.0,109000.0,1200000.0,0.0,0.0,0.0,0.0,0.0,0.0,0.0,48900.0,0.0,458753.74,1296800.0,0.0,33020.0
1967,0.0,0.0,0.0,0.0,0.0,31200.0,7790.0,0.0,0.0,0.0,0.0,10300.0,0.0,0.0,0.0,0.0,0.0,0.0,0.0,0.0,0.0,104000.0,0.0,0.0,0.0,0.0,0.0,0.0,0.0,0.0,0.0,0.0,0.0,538.0,0.0,0.0,0.0,0.0,0.0,0.0,0.0,5420.0,44400.0,0.0,0.0,110000.0,0.0,800.0,0.0,0.0,0.0,10100.0,241.0,0.0,0.0,0.0,0.0,1360.0,0.0,17000.0,0.0,44900.0,0.0,0.0,0.0,0.0,0.0,0.0,0.0,0.0,0.0,8.34,0.0,0.0,0.0,0.0,0.0,0.0,0.0,0.0,0.0,0.0,12800.0,3150.0,0.0,0.0,0.0,0.0,4880.0,0.0,0.0,0.0,0.0,0.0,0.0,81500.0,1470.0,0.0,0.0,0.0,0.0,0.0,0.0,0.0,0.0,0.0,0.0,0.0,9780.0,0.0,0.0,6930.0,2900.0,0.0,0.0,0.0,0.0,0.0,0.0,0.0,13200.0,0.0,0.0,0.0,109000.0,1300000.0,0.0,0.0,0.0,0.0,0.0,0.0,0.0,44900.0,0.0,450417.33999999997,1404000.0,0.0,34350.0
1968,0.0,0.0,0.0,0.0,0.0,35300.0,7560.0,0.0,0.0,0.0,0.0,9270.0,0.0,0.0,0.0,0.0,0.0,0.0,0.0,0.0,0.0,113000.0,0.0,0.0,0.0,0.0,0.0,0.0,0.0,0.0,0.0,0.0,0.0,329.0,0.0,0.0,0.0,0.0,0.0,0.0,0.0,5200.0,41200.0,0.0,0.0,113000.0,0.0,867.0,0.0,0.0,0.0,10700.0,273.0,0.0,0.0,0.0,0.0,1710.0,0.0,17600.0,0.0,44800.0,0.0,0.0,0.0,0.0,0.0,0.0,0.0,0.0,0.0,8.43,0.0,0.0,0.0,0.0,0.0,0.0,0.0,0.0,0.0,0.0,17200.0,3250.0,0.0,0.0,0.0,0.0,5410.0,0.0,0.0,0.0,0.0,0.0,0.0,85900.0,1420.0,0.0,0.0,0.0,0.0,0.0,0.0,0.0,0.0,0.0,0.0,0.0,10100.0,0.0,0.0,6870.0,2850.0,0.0,0.0,0.0,0.0,0.0,0.0,0.0,13500.0,0.0,0.0,0.0,107000.0,1340000.0,0.0,0.0,0.0,0.0,0.0,0.0,0.0,44800.0,0.0,457967.43,1453000.0,0.0,38550.0
1969,0.0,0.0,0.0,0.0,0.0,38700.0,7360.0,0.0,0.0,0.0,0.0,8260.0,0.0,0.0,0.0,0.0,0.0,0.0,0.0,0.0,0.0,126000.0,0.0,0.0,0.0,0.0,0.0,0.0,0.0,0.0,0.0,0.0,0.0,187.0,0.0,0.0,0.0,0.0,0.0,0.0,0.0,5030.0,41400.0,0.0,0.0,117000.0,0.0,1040.0,0.0,0.0,0.0,11000.0,310.0,0.0,0.0,0.0,0.0,1620.0,0.0,18500.0,0.0,42300.0,0.0,0.0,0.0,0.0,0.0,0.0,0.0,0.0,0.0,7.31,0.0,0.0,0.0,0.0,0.0,0.0,0.0,0.0,0.0,0.0,22400.0,3320.0,0.0,0.0,0.0,0.0,5200.0,0.0,0.0,0.0,0.0,0.0,0.0,91600.0,1540.0,0.0,0.0,0.0,0.0,0.0,0.0,0.0,0.0,0.0,0.0,0.0,10400.0,0.0,0.0,6450.0,2770.0,0.0,0.0,0.0,0.0,0.0,0.0,0.0,14000.0,0.0,0.0,0.0,102000.0,1370000.0,0.0,0.0,0.0,0.0,0.0,0.0,0.0,42300.0,0.0,468074.31,1496000.0,0.0,42020.0
1970,0.0,0.0,0.0,0.0,0.0,47700.0,7950.0,0.0,0.0,0.0,0.0,7120.0,0.0,0.0,0.0,0.0,0.0,0.0,0.0,0.0,0.0,145000.0,0.0,0.0,0.0,0.0,0.0,0.0,0.0,0.0,0.0,0.0,0.0,378.0,0.0,0.0,0.0,0.0,0.0,0.0,0.0,5000.0,50100.0,0.0,0.0,175000.0,0.0,1690.0,0.0,0.0,0.0,11800.0,395.0,0.0,0.0,0.0,0.0,1420.0,0.0,19900.0,0.0,39300.0,0.0,0.0,0.0,0.0,0.0,0.0,0.0,0.0,0.0,8.26,0.0,0.0,0.0,0.0,0.0,0.0,0.0,0.0,0.0,0.0,28900.0,3400.0,0.0,0.0,0.0,0.0,5290.0,0.0,0.0,0.0,0.0,0.0,0.0,95800.0,1410.0,0.0,0.0,0.0,0.0,0.0,0.0,0.0,0.0,0.0,0.0,0.0,9690.0,0.0,0.0,6490.0,3360.0,0.0,0.0,0.0,0.0,0.0,0.0,0.0,14000.0,0.0,0.0,0.0,101000.0,1450000.0,0.0,0.0,0.0,0.0,0.0,0.0,0.0,39300.0,0.0,546701.26,1595000.0,0.0,51100.0
1971,2420.0,41500.0,9120.0,30600.0,0.0,53900.0,7370.0,0.0,10700.0,4850.0,0.0,6850.0,1000.0,2300.0,0.0,0.0,49100.0,6650.0,5710.0,0.0,2450.0,156000.0,5340.0,394000.0,19400.0,5930.0,335.0,663.0,1640.0,0.0,5350.0,9.12,40000.0,329.0,1210.0,1380.0,16400.0,1260.0,0.0,0.0,8130.0,4980.0,47600.0,6450.0,0.0,175000.0,2340.0,2090.0,1930.0,1380.0,1010.0,11900.0,423.0,142000.0,71700.0,239000.0,86000.0,1420.0,5940.0,19500.0,277.0,35800.0,0.9309999999999999,0.0,4280.0,161000.0,0.0,0.0,169.0,138000.0,0.0,4.73,4770.0,0.0,43400.0,0.0,0.0,620.0,6170.0,7340.0,0.0,3600.0,37300.0,3420.0,736.0,112000.0,18200.0,0.0,6030.0,15200.0,14400.0,342.0,1170.0,7350.0,7530.0,99300.0,1380.0,22000.0,42800.0,0.0,244000.0,825.0,0.0,0.0,2690.0,0.0,37800.0,6380.0,10500.0,2810.0,5670.0,7390.0,2910.0,5320.0,0.0,6870.0,7890.0,614.0,8150.0,4650.0,13800.0,0.0,0.0,52800.0,110000.0,1440000.0,520.0,0.0,210000.0,14200.0,48.7,2690.0,5100.0,1583410.9309999999,421471.7,659705.85,1639400.0,349468.0,57320.0
1972,2960.0,54700.0,10500.0,31000.0,0.0,62400.0,7330.0,0.0,10100.0,5040.0,0.0,6570.0,1020.0,3790.0,0.0,0.0,50400.0,9350.0,5600.0,0.0,2500.0,177000.0,5410.0,415000.0,18200.0,6090.0,672.0,681.0,1700.0,0.0,5030.0,9.12,39700.0,434.0,1250.0,5300.0,12100.0,1290.0,0.0,0.0,8340.0,4880.0,46900.0,7010.0,0.0,172000.0,2470.0,2170.0,1980.0,1430.0,1040.0,11800.0,459.0,146000.0,81700.0,267000.0,74600.0,1370.0,6240.0,20100.0,280.0,32600.0,0.9309999999999999,0.0,4440.0,174000.0,0.0,0.0,169.0,115000.0,0.0,5.59,6020.0,0.0,45100.0,0.0,0.0,683.0,6130.0,7630.0,0.0,3680.0,47800.0,3840.0,758.0,127000.0,18700.0,0.0,7650.0,14600.0,14800.0,339.0,1190.0,7520.0,7700.0,104000.0,1410.0,25000.0,44400.0,0.0,308000.0,832.0,0.0,0.0,2660.0,0.0,37900.0,6200.0,11600.0,2810.0,5790.0,7890.0,3330.0,5890.0,0.0,6880.0,7970.0,629.0,8750.0,4540.0,15100.0,0.0,0.0,59800.0,101000.0,1470000.0,493.0,0.0,192000.0,13900.0,50.1,3050.0,5020.0,1722980.9309999999,426565.1,669127.71,1692100.0,338131.0,66240.0
1973,3000.0,56500.0,11700.0,30500.0,0.0,68000.0,7920.0,0.0,10800.0,5340.0,0.0,6510.0,1040.0,4570.0,0.0,0.0,51200.0,13200.0,5470.0,0.0,2550.0,198000.0,5080.0,431000.0,17200.0,6280.0,2440.0,685.0,1760.0,0.0,5300.0,9.12,38500.0,426.0,1210.0,11900.0,9840.0,1330.0,0.0,0.0,8560.0,4880.0,44200.0,8640.0,0.0,172000.0,2630.0,2330.0,2040.0,1470.0,1060.0,12700.0,541.0,149000.0,94900.0,310000.0,103000.0,1120.0,6150.0,20400.0,251.0,29500.0,0.9309999999999999,0.0,4600.0,160000.0,0.0,0.0,142.0,113000.0,0.0,4.04,5970.0,0.0,47300.0,0.0,0.0,688.0,6130.0,7810.0,0.0,3760.0,56800.0,4050.0,796.0,140000.0,19100.0,0.0,8060.0,15200.0,15600.0,342.0,1270.0,7870.0,8070.0,107000.0,1400.0,29500.0,46200.0,0.0,389000.0,839.0,0.0,0.0,2580.0,0.0,40400.0,6760.0,11400.0,2850.0,5910.0,9250.0,4280.0,5570.0,0.0,6910.0,8160.0,643.0,9980.0,4540.0,15500.0,0.0,0.0,76100.0,109000.0,1460000.0,538.0,0.0,203000.0,14800.0,50.1,3120.0,5280.0,1920110.931,445222.1,691480.1599999999,1705300.0,357592.0,72050.0
1974,2710.0,53300.0,12100.0,30900.0,0.0,67500.0,7820.0,0.0,11500.0,5480.0,0.0,6160.0,1060.0,4460.0,0.0,0.0,53600.0,13600.0,5150.0,0.0,2620.0,192000.0,5100.0,446000.0,16900.0,6410.0,2860.0,692.0,1830.0,0.0,5490.0,4.11,39100.0,447.0,1250.0,10300.0,8830.0,1390.0,0.0,0.0,8790.0,4990.0,42300.0,11200.0,0.0,173000.0,2760.0,2450.0,2100.0,1520.0,1090.0,12700.0,531.0,157000.0,97000.0,319000.0,100000.0,1310.0,4270.0,21200.0,267.0,30600.0,0.9309999999999999,0.0,4780.0,136000.0,0.0,0.0,178.0,80200.0,0.0,7.14,5630.0,0.0,55200.0,0.0,0.0,733.0,6180.0,7870.0,0.0,3840.0,66700.0,4580.0,822.0,151000.0,19700.0,0.0,8570.0,15100.0,16400.0,366.0,1300.0,8300.0,8350.0,111000.0,1440.0,26400.0,47500.0,0.0,435000.0,846.0,0.0,0.0,2590.0,0.0,42800.0,7640.0,13100.0,2890.0,6040.0,9010.0,4430.0,6480.0,0.0,6950.0,8780.0,652.0,10900.0,4900.0,15900.0,0.0,0.0,83300.0,103000.0,1430000.0,525.0,0.0,182000.0,15700.0,51.6,3360.0,5450.0,1981950.931,427460.6,703119.25,1677200.0,339272.0,72080.0
1975,2910.0,53000.0,11400.0,30600.0,0.0,75000.0,7810.0,0.0,9960.0,5460.0,0.0,7970.0,1090.0,4270.0,0.0,0.0,53900.0,14300.0,6140.0,0.0,2690.0,188000.0,4980.0,497000.0,17100.0,6640.0,2220.0,700.0,1900.0,0.0,5570.0,6.26,40500.0,526.0,1260.0,9470.0,13300.0,1560.0,0.0,0.0,9020.0,4370.0,43600.0,11900.0,0.0,172000.0,2820.0,2930.0,2450.0,1580.0,1110.0,12500.0,579.0,166000.0,94300.0,285000.0,115000.0,1660.0,6580.0,21000.0,254.0,29900.0,0.9309999999999999,0.0,4970.0,112000.0,0.0,0.0,178.0,78800.0,0.0,6.11,6670.0,0.0,63000.0,0.0,0.0,747.0,6280.0,8130.0,0.0,3930.0,71300.0,4800.0,852.0,128000.0,20500.0,0.0,16100.0,17800.0,17100.0,380.0,1250.0,8050.0,8600.0,116000.0,1330.0,23700.0,50000.0,0.0,365000.0,853.0,0.0,0.0,2590.0,0.0,45200.0,8410.0,13400.0,3120.0,6180.0,11700.0,5100.0,9680.0,0.0,7020.0,10100.0,668.0,12200.0,5400.0,16300.0,0.0,0.0,84400.0,115000.0,1410000.0,521.0,0.0,145000.0,16700.0,53.0,3470.0,5360.0,1935060.931,413439.0,743327.37,1661000.0,303057.0,79800.0
1976,3080.0,58800.0,11200.0,31000.0,0.0,75300.0,7240.0,0.0,10300.0,5780.0,0.0,8680.0,1110.0,4370.0,0.0,0.0,54200.0,17700.0,6360.0,0.0,2760.0,182000.0,5180.0,512000.0,16700.0,8060.0,2510.0,719.0,1960.0,0.0,5600.0,7.93,41500.0,596.0,1330.0,10800.0,18400.0,1900.0,0.0,0.0,9260.0,4160.0,41100.0,11900.0,0.0,174000.0,2920.0,3460.0,2600.0,1620.0,1140.0,13500.0,615.0,170000.0,106000.0,313000.0,124000.0,1410.0,88.1,21700.0,254.0,33000.0,1.17,0.0,5150.0,115000.0,0.0,0.0,178.0,102000.0,0.0,3.96,10000.0,0.0,67900.0,0.0,0.0,808.0,6250.0,8530.0,0.0,4020.0,76300.0,5440.0,888.0,144000.0,21700.0,0.0,21800.0,19000.0,17400.0,405.0,1310.0,8360.0,8900.0,120000.0,1160.0,26200.0,52100.0,0.0,444000.0,859.0,0.0,0.0,2540.0,0.0,49000.0,7810.0,12600.0,3160.0,6360.0,12400.0,4500.0,10200.0,0.0,7050.0,10600.0,683.0,12200.0,4490.0,16600.0,0.0,0.0,97000.0,127000.0,1420000.0,537.0,0.0,143000.0,17200.0,54.5,3610.0,5740.0,2106879.27,470822.5,774412.89,1669900.0,304113.0,80740.0
1977,3170.0,62100.0,10700.0,32700.0,0.0,82300.0,7670.0,0.0,12000.0,6020.0,0.0,9060.0,1130.0,4170.0,0.0,0.0,55900.0,18900.0,6560.0,0.0,2870.0,190000.0,5270.0,556000.0,16700.0,8160.0,2250.0,694.0,2020.0,0.0,6060.0,7.93,43300.0,913.0,1310.0,10700.0,23100.0,1960.0,0.0,0.0,9510.0,5060.0,44500.0,11800.0,0.0,173000.0,3010.0,3620.0,2640.0,1670.0,1170.0,14100.0,677.0,174000.0,118000.0,301000.0,120000.0,1330.0,77.9,20900.0,234.0,32000.0,0.693,0.0,5360.0,106000.0,0.0,0.0,178.0,108000.0,0.0,24.3,11000.0,0.0,79200.0,0.0,0.0,899.0,6120.0,8830.0,0.0,4110.0,76000.0,6100.0,881.0,146000.0,23000.0,0.0,23300.0,17600.0,18300.0,442.0,1330.0,9230.0,9100.0,123000.0,1640.0,23400.0,54100.0,0.0,475000.0,866.0,0.0,0.0,2500.0,0.0,54100.0,8150.0,14500.0,3060.0,6530.0,13200.0,5380.0,9340.0,0.0,7080.0,11000.0,706.0,13300.0,5130.0,16900.0,0.0,0.0,101000.0,155000.0,1450000.0,580.0,0.0,141000.0,17900.0,55.9,3800.0,5620.0,2180578.593,491304.9,819412.23,1719200.0,307941.0,88400.0
1978,3480.0,69500.0,10200.0,33900.0,0.0,81600.0,7830.0,0.0,11700.0,6180.0,0.0,8280.0,1160.0,4040.0,0.0,0.0,57200.0,18900.0,6730.0,0.0,3430.0,191000.0,5310.0,604000.0,17500.0,8110.0,2880.0,718.0,2090.0,0.0,6590.0,8.17,42000.0,877.0,1360.0,11600.0,27700.0,2090.0,0.0,0.0,9780.0,5340.0,45700.0,11200.0,0.0,175000.0,3030.0,3480.0,2660.0,1740.0,1210.0,15400.0,709.0,178000.0,120000.0,277000.0,132000.0,1120.0,74.4,20900.0,253.0,36200.0,0.693,0.0,5580.0,116000.0,0.0,0.0,177.0,104000.0,0.0,24.2,15000.0,0.0,95000.0,0.0,0.0,863.0,6040.0,9000.0,0.0,4200.0,70000.0,5960.0,890.0,137000.0,24100.0,0.0,36900.0,16500.0,19000.0,487.0,1420.0,12300.0,9410.0,132000.0,1740.0,25200.0,54000.0,0.0,437000.0,872.0,0.0,0.0,2630.0,0.0,58700.0,8710.0,14500.0,3140.0,6720.0,14900.0,5320.0,10200.0,0.0,7140.0,10800.0,725.0,13700.0,5860.0,17600.0,0.0,0.0,94600.0,167000.0,1470000.0,595.0,0.0,137000.0,18100.0,57.3,3800.0,5590.0,2200675.093,496544.3,853468.37,1756000.0,312563.0,87560.0
1979,3390.0,75800.0,11000.0,36400.0,0.0,86500.0,8010.0,0.0,12100.0,6400.0,0.0,7620.0,1180.0,3960.0,0.0,0.0,60600.0,20300.0,7320.0,0.0,5030.0,210000.0,5020.0,619000.0,17600.0,8450.0,3230.0,736.0,2210.0,0.0,6840.0,8.41,43200.0,972.0,1400.0,11900.0,29000.0,2060.0,0.0,0.0,10100.0,6430.0,47900.0,10900.0,0.0,182000.0,3210.0,3760.0,2780.0,1810.0,1250.0,14700.0,845.0,181000.0,122000.0,172000.0,178000.0,1470.0,85.8,20600.0,222.0,39400.0,0.693,0.0,5810.0,139000.0,0.0,0.0,179.0,110000.0,0.0,26.1,18800.0,0.0,114000.0,0.0,0.0,896.0,6060.0,9210.0,0.0,4300.0,73500.0,5280.0,918.0,159000.0,25600.0,0.0,45900.0,15600.0,19800.0,499.0,1470.0,14200.0,11300.0,135000.0,1810.0,27500.0,51900.0,0.0,497000.0,879.0,0.0,0.0,2900.0,0.0,66500.0,9030.0,15700.0,3190.0,6900.0,14700.0,6250.0,8970.0,0.0,7200.0,11700.0,732.0,13000.0,6520.0,17400.0,0.0,0.0,95400.0,193000.0,1530000.0,566.0,0.0,150000.0,18200.0,58.7,3890.0,5740.0,2262436.493,542924.7,906311.51,1854000.0,333231.0,91780.0
1980,3430.0,65700.0,11300.0,38800.0,0.0,85400.0,7630.0,0.0,12000.0,6750.0,0.0,8090.0,1210.0,4370.0,0.0,0.0,64400.0,21100.0,7740.0,0.0,6710.0,207000.0,5800.0,616000.0,17700.0,8580.0,3820.0,767.0,2420.0,0.0,6520.0,6.26,41200.0,952.0,1330.0,11800.0,33500.0,1910.0,0.0,0.0,10300.0,6910.0,52600.0,9440.0,0.0,186000.0,3310.0,3700.0,2580.0,1880.0,1320.0,14500.0,904.0,187000.0,126000.0,80800.0,136000.0,1890.0,154.0,19900.0,224.0,43300.0,0.693,0.0,6010.0,93600.0,0.0,0.0,178.0,96600.0,0.0,29.4,18200.0,0.0,147000.0,0.0,0.0,878.0,6090.0,9520.0,0.0,4400.0,71800.0,5470.0,907.0,149000.0,27200.0,0.0,55000.0,15100.0,20900.0,527.0,1610.0,14500.0,12200.0,127000.0,1480.0,26500.0,52600.0,0.0,534000.0,886.0,0.0,0.0,3470.0,0.0,73200.0,9270.0,15800.0,3210.0,7090.0,16100.0,7030.0,9500.0,0.0,7300.0,11200.0,751.0,13100.0,6670.0,17100.0,0.0,0.0,90200.0,198000.0,1550000.0,766.0,0.0,140000.0,18400.0,60.2,4030.0,5790.0,2129674.693,523653.2,920861.66,1904000.0,330811.0,90870.0
1981,2690.0,67200.0,10300.0,39500.0,0.0,97200.0,7410.0,0.0,13000.0,6880.0,0.0,8180.0,1460.0,4510.0,0.0,604.0,66500.0,16700.0,8530.0,0.0,8070.0,201000.0,6210.0,612000.0,18500.0,8940.0,4600.0,784.0,2850.0,0.0,6560.0,6.02,41300.0,1560.0,1560.0,12100.0,36200.0,2150.0,0.0,0.0,10600.0,8960.0,64000.0,8350.0,0.0,192000.0,3380.0,4420.0,2670.0,1570.0,1330.0,14400.0,1100.0,200000.0,128000.0,79400.0,45200.0,2490.0,150.0,20800.0,224.0,44500.0,0.9309999999999999,0.0,6270.0,63700.0,0.0,0.0,177.0,64300.0,0.0,30.3,17000.0,0.0,171000.0,0.0,0.0,812.0,6120.0,9640.0,0.0,4500.0,66800.0,5770.0,921.0,119000.0,28100.0,0.0,55400.0,17400.0,22100.0,568.0,1630.0,14600.0,12900.0,108000.0,1250.0,24200.0,54700.0,0.0,531000.0,892.0,0.0,0.0,3560.0,0.0,80900.0,9730.0,17700.0,3300.0,7280.0,19300.0,7640.0,9810.0,0.0,7450.0,12100.0,772.0,12200.0,6480.0,18100.0,0.0,0.0,82500.0,207000.0,1550000.0,838.0,0.0,136000.0,19100.0,61.6,4160.0,5690.0,2009580.931,476248.6,937326.3200000001,1922000.0,330925.0,102970.0
1982,2650.0,67300.0,10400.0,40000.0,0.0,98600.0,7490.0,0.0,10600.0,7330.0,0.0,9070.0,1500.0,4720.0,0.0,638.0,71100.0,17000.0,9360.0,0.0,9050.0,203000.0,6350.0,638000.0,19600.0,9260.0,5140.0,790.0,3300.0,0.0,7140.0,6.02,41900.0,2580.0,1730.0,11900.0,37600.0,2250.0,0.0,0.0,10900.0,10100.0,63600.0,8590.0,0.0,193000.0,3420.0,5510.0,2880.0,1590.0,1370.0,14900.0,1160.0,211000.0,115000.0,130000.0,50900.0,3030.0,78.9,22600.0,247.0,51800.0,0.9309999999999999,0.0,6520.0,46400.0,0.0,0.0,160.0,60400.0,0.0,28.7,19800.0,0.0,196000.0,0.0,0.0,789.0,6060.0,9760.0,0.0,4600.0,57500.0,6680.0,951.0,113000.0,29500.0,0.0,55400.0,17900.0,23100.0,568.0,1670.0,15000.0,14100.0,125000.0,1450.0,21000.0,55200.0,0.0,361000.0,899.0,0.0,0.0,3740.0,0.0,87200.0,10000.0,19700.0,3420.0,7480.0,19100.0,7720.0,9350.0,0.0,7600.0,13500.0,797.0,12200.0,6250.0,19000.0,0.0,0.0,71000.0,222000.0,1530000.0,910.0,0.0,126000.0,19600.0,63.0,4350.0,5830.0,1902639.831,477596.0,972794.72,1929000.0,328966.0,105280.0
1983,2810.0,74100.0,12900.0,42000.0,0.0,107000.0,7300.0,0.0,9910.0,7780.0,0.0,11000.0,1330.0,4810.0,0.0,638.0,80100.0,17200.0,9650.0,0.0,9370.0,207000.0,6490.0,669000.0,20600.0,9660.0,5870.0,832.0,3600.0,0.0,7290.0,5.78,42500.0,3100.0,1760.0,13700.0,40800.0,2140.0,0.0,0.0,11200.0,10200.0,73000.0,8610.0,0.0,190000.0,3290.0,5950.0,2890.0,1610.0,1390.0,15100.0,1230.0,222000.0,118000.0,133000.0,49600.0,3210.0,68.1,21500.0,235.0,55200.0,1.17,0.0,6790.0,59800.0,0.0,0.0,152.0,58100.0,0.0,28.4,27100.0,0.0,193000.0,0.0,0.0,836.0,5970.0,9990.0,0.0,4710.0,61800.0,7140.0,976.0,112000.0,29700.0,0.0,63500.0,20700.0,24000.0,539.0,1750.0,13600.0,15400.0,127000.0,1600.0,19600.0,55900.0,0.0,284000.0,905.0,0.0,0.0,3830.0,0.0,91100.0,11300.0,21900.0,3420.0,7820.0,20900.0,7800.0,9710.0,0.0,7770.0,11200.0,817.0,11400.0,6670.0,19300.0,0.0,0.0,66200.0,233000.0,1470000.0,1120.0,0.0,120000.0,19900.0,64.5,4330.0,5950.0,1895449.27,493682.5,1013114.18,1870000.0,335232.0,114140.0
1984,3010.0,77000.0,14300.0,42900.0,0.0,118000.0,7350.0,0.0,11100.0,7970.0,0.0,12100.0,1340.0,4750.0,0.0,651.0,94100.0,16400.0,9940.0,0.0,12400.0,229000.0,6750.0,717000.0,22700.0,10300.0,6540.0,994.0,3620.0,0.0,7470.0,6.62,43100.0,3530.0,1920.0,14900.0,47000.0,2180.0,0.0,0.0,11600.0,10500.0,85100.0,8680.0,0.0,198000.0,3330.0,6420.0,2820.0,1620.0,1410.0,15600.0,1250.0,233000.0,135000.0,120000.0,61200.0,3630.0,56.0,22600.0,273.0,59300.0,1.17,0.0,7040.0,66800.0,0.0,0.0,155.0,58800.0,0.0,30.9,33400.0,0.0,195000.0,0.0,0.0,879.0,5950.0,10400.0,0.0,4810.0,62900.0,7990.0,1220.0,121000.0,30500.0,0.0,69600.0,22400.0,24400.0,594.0,1760.0,14600.0,16000.0,128000.0,1740.0,25800.0,55700.0,0.0,264000.0,912.0,0.0,0.0,4040.0,0.0,103000.0,12700.0,25100.0,3730.0,7850.0,24300.0,8100.0,9850.0,0.0,7940.0,13100.0,844.0,12400.0,6630.0,20300.0,0.0,0.0,64300.0,205000.0,1590000.0,1130.0,0.0,123000.0,19500.0,65.9,4450.0,6090.0,1979497.17,531586.9,1026947.52,2014000.0,359491.0,125990.0
1985,2810.0,80800.0,15700.0,42600.0,0.0,128000.0,7560.0,0.0,11100.0,8420.0,0.0,14000.0,1700.0,4730.0,0.0,692.0,102000.0,16100.0,9530.0,0.0,12500.0,241000.0,6810.0,744000.0,24900.0,10700.0,6410.0,1000.0,3800.0,0.0,7420.0,6.73,42700.0,4980.0,1350.0,16000.0,51200.0,2010.0,0.0,0.0,11900.0,10400.0,93300.0,9430.0,0.0,209000.0,3550.0,6930.0,2780.0,1630.0,1470.0,16400.0,1250.0,239000.0,129000.0,123000.0,73100.0,2850.0,282.0,22800.0,252.0,67100.0,1.17,0.0,7330.0,60800.0,0.0,0.0,155.0,57200.0,0.0,30.7,34200.0,0.0,193000.0,0.0,2490.0,874.0,5920.0,11100.0,0.0,4910.0,66300.0,8950.0,1300.0,128000.0,31800.0,0.0,72600.0,26800.0,26000.0,604.0,2030.0,14700.0,16500.0,129000.0,1940.0,20800.0,54300.0,0.0,201000.0,919.0,0.0,0.0,4680.0,0.0,110000.0,14600.0,26500.0,3780.0,8030.0,26900.0,9410.0,9700.0,0.0,8130.0,16600.0,873.0,12800.0,6550.0,21900.0,0.0,0.0,63400.0,238000.0,1570000.0,1110.0,0.0,115000.0,20100.0,68.8,4580.0,6440.0,1972533.17,556601.8,1096077.43,2004000.0,362496.0,136950.0
1986,3000.0,84100.0,18300.0,42900.0,0.0,137000.0,7660.0,0.0,12600.0,8950.0,0.0,14700.0,1780.0,4650.0,0.0,739.0,102000.0,15600.0,9880.0,0.0,12400.0,240000.0,7010.0,763000.0,32900.0,10900.0,6550.0,987.0,3820.0,0.0,7770.0,6.73,43600.0,6510.0,1380.0,16400.0,47900.0,1650.0,0.0,0.0,12200.0,11300.0,99900.0,9130.0,0.0,200000.0,3790.0,7230.0,3050.0,1220.0,1480.0,16100.0,1280.0,251000.0,137000.0,102000.0,87300.0,2640.0,341.0,24800.0,255.0,68900.0,16.7,0.0,7880.0,65100.0,0.0,0.0,153.0,56900.0,0.0,26.1,40200.0,0.0,182000.0,0.0,2680.0,891.0,5820.0,11200.0,0.0,5030.0,62300.0,9880.0,1220.0,128000.0,31500.0,0.0,74900.0,30300.0,27500.0,605.0,2780.0,13900.0,16400.0,131000.0,1850.0,22000.0,54000.0,0.0,286000.0,926.0,0.0,0.0,5150.0,0.0,113000.0,18400.0,28300.0,3920.0,8200.0,29100.0,9550.0,9920.0,0.0,8300.0,17500.0,902.0,12500.0,6370.0,23500.0,0.0,0.0,73200.0,247000.0,1560000.0,1240.0,0.0,123000.0,20800.0,427.0,4700.0,6820.0,2124807.7,564448.0,1115282.83,1982000.0,378897.0,146880.0
1987,2900.0,88800.0,22300.0,43300.0,0.0,149000.0,8060.0,0.0,12900.0,8780.0,0.0,14500.0,1760.0,4430.0,0.0,726.0,106000.0,15500.0,10000.0,0.0,12600.0,253000.0,7070.0,786000.0,39600.0,11100.0,6940.0,1010.0,3750.0,0.0,7890.0,6.5,44700.0,8160.0,1410.0,10600.0,53300.0,1800.0,0.0,0.0,12600.0,10700.0,104000.0,8650.0,0.0,200000.0,3950.0,8050.0,3080.0,1240.0,1560.0,16800.0,1320.0,259000.0,137000.0,129000.0,109000.0,3010.0,362.0,24200.0,256.0,71700.0,24.2,0.0,8160.0,69600.0,0.0,0.0,157.0,55200.0,0.0,33.7,41100.0,0.0,191000.0,0.0,2980.0,812.0,5780.0,10900.0,0.0,5140.0,61900.0,9680.0,1230.0,123000.0,31000.0,0.0,86500.0,31600.0,30200.0,600.0,3670.0,12900.0,16000.0,132000.0,1950.0,20500.0,52600.0,0.0,249000.0,935.0,0.0,0.0,5230.0,0.0,112000.0,21400.0,27900.0,3980.0,8350.0,29400.0,9820.0,13000.0,0.0,8480.0,19400.0,950.0,12000.0,6120.0,25000.0,0.0,0.0,80100.0,242000.0,1590000.0,1240.0,0.0,125000.0,21300.0,1010.0,4620.0,7640.0,2189586.2,576570.0,1130740.2,2034000.0,385886.0,158680.0
1988,2890.0,91000.0,27100.0,46300.0,0.0,137000.0,9190.0,0.0,13200.0,9820.0,0.0,13400.0,1730.0,4630.0,0.0,868.0,105000.0,15200.0,10500.0,0.0,12000.0,273000.0,7250.0,817000.0,40200.0,11400.0,7690.0,1010.0,3590.0,0.0,8090.0,6.02,44100.0,8310.0,1180.0,17100.0,51700.0,1640.0,0.0,0.0,13100.0,11200.0,105000.0,8840.0,0.0,202000.0,4090.0,8250.0,3150.0,1270.0,1600.0,16400.0,1370.0,273000.0,140000.0,125000.0,137000.0,2870.0,380.0,25500.0,260.0,69700.0,20.0,0.0,8440.0,82900.0,0.0,0.0,157.0,58700.0,0.0,36.6,43900.0,0.0,190000.0,0.0,3280.0,831.0,5710.0,10600.0,0.0,5250.0,55300.0,10400.0,1260.0,132000.0,30600.0,0.0,94900.0,33600.0,31400.0,610.0,3880.0,11600.0,16500.0,132000.0,2220.0,22100.0,53500.0,0.0,298000.0,952.0,0.0,0.0,5300.0,0.0,117000.0,21500.0,30300.0,4100.0,8500.0,29900.0,9860.0,15200.0,0.0,8670.0,21500.0,978.0,12400.0,6060.0,24800.0,0.0,0.0,83700.0,234000.0,1620000.0,1020.0,0.0,130000.0,22300.0,8050.0,4800.0,7780.0,2337610.0,610876.0,1133102.62,2083000.0,399450.0,147400.0
1989,2900.0,94800.0,27200.0,47200.0,0.0,145000.0,8620.0,0.0,13400.0,10200.0,0.0,13000.0,1720.0,4750.0,0.0,915.0,108000.0,15300.0,10100.0,0.0,11600.0,274000.0,7440.0,859000.0,44100.0,11700.0,8670.0,994.0,3310.0,0.0,8670.0,6.02,42400.0,9530.0,1010.0,16000.0,53600.0,1660.0,0.0,0.0,13500.0,11700.0,109000.0,11200.0,0.0,201000.0,4270.0,8860.0,3250.0,1280.0,1630.0,16100.0,1410.0,282000.0,149000.0,160000.0,148000.0,3760.0,391.0,25200.0,310.0,70500.0,54.0,0.0,8730.0,99000.0,0.0,0.0,150.0,61100.0,0.0,35.1,47100.0,0.0,191000.0,0.0,3090.0,758.0,5660.0,10900.0,0.0,5370.0,59500.0,11500.0,1440.0,148000.0,30400.0,0.0,113000.0,34700.0,33100.0,612.0,4310.0,10800.0,17000.0,122000.0,2490.0,25500.0,49800.0,0.0,300000.0,959.0,0.0,0.0,5420.0,0.0,115000.0,21900.0,34600.0,4180.0,8640.0,29000.0,9360.0,19100.0,0.0,8860.0,24300.0,1010.0,12300.0,6110.0,25600.0,0.0,0.0,101000.0,209000.0,1620000.0,900.0,0.0,132000.0,23200.0,9060.0,4690.0,8000.0,2494695.0,642202.0,1123391.12,2085000.0,408656.0,156500.0
1990,2450.0,100000.0,28700.0,48400.0,137.0,158000.0,8110.0,20600.0,13400.0,10800.0,3340.0,13100.0,1770.0,4920.0,4600.0,911.0,104000.0,15600.0,9610.0,0.0,11000.0,274000.0,7470.0,886000.0,48200.0,12000.0,8750.0,1030.0,3380.0,5130.0,9440.0,6.14,40900.0,10100.0,1030.0,16500.0,54900.0,1690.0,0.0,5420.0,14100.0,12100.0,112000.0,14600.0,2110.0,186000.0,4390.0,9200.0,3390.0,1250.0,1690.0,14600.0,1400.0,292000.0,169000.0,179000.0,105000.0,3470.0,424.0,25300.0,485.0,75200.0,162.0,90500.0,9010.0,50400.0,2500.0,1120.0,143.0,73200.0,4940.0,28.8,48800.0,0.0,195000.0,57.9,2750.0,773.0,5610.0,10700.0,0.0,5500.0,60500.0,11500.0,1500.0,151000.0,28900.0,1260.0,119000.0,38300.0,34200.0,612.0,4580.0,10600.0,17200.0,104000.0,3390.0,26600.0,40800.0,1290000.0,370000.0,964.0,13400.0,0.0,5280.0,3070.0,115000.0,22600.0,34600.0,4190.0,8780.0,29700.0,10300.0,22300.0,2030.0,9060.0,26600.0,1050.0,12600.0,5730.0,25800.0,74900.0,136000.0,110000.0,208000.0,1650000.0,1150.0,38600.0,149000.0,24700.0,9380.0,4920.0,8550.0,2802886.0,674241.0,2560329.84,2119000.0,429537.0,169500.0
1991,1920.0,103000.0,30000.0,50200.0,135.0,167000.0,8350.0,19000.0,13000.0,10900.0,3480.0,13000.0,1800.0,5050.0,4320.0,936.0,105000.0,16400.0,8500.0,0.0,10700.0,285000.0,7890.0,895000.0,46600.0,12200.0,8780.0,1060.0,3460.0,4800.0,8350.0,5.54,38600.0,11900.0,1040.0,17300.0,55500.0,1720.0,0.0,4740.0,14500.0,11200.0,119000.0,15900.0,1660.0,168000.0,4640.0,9040.0,3500.0,1270.0,1700.0,14300.0,1440.0,302000.0,183000.0,196000.0,16700.0,3290.0,438.0,26100.0,485.0,79200.0,159.0,91300.0,9290.0,10100.0,2440.0,1120.0,151.0,81700.0,4930.0,30.5,52800.0,0.0,202000.0,65.8,3250.0,835.0,5600.0,10500.0,218.0,5620.0,67400.0,12100.0,1540.0,157000.0,28100.0,1350.0,131000.0,39500.0,36200.0,603.0,4880.0,9830.0,16800.0,99800.0,3400.0,26800.0,36000.0,1220000.0,466000.0,970.0,12100.0,0.0,4830.0,3100.0,117000.0,22200.0,34300.0,4200.0,8900.0,31400.0,10400.0,26600.0,1830.0,9260.0,29600.0,1110.0,12200.0,6360.0,25600.0,74100.0,119000.0,127000.0,215000.0,1640000.0,1090.0,39600.0,165000.0,26800.0,10300.0,5100.0,8980.0,2852897.0,704430.0,2474606.84,2127000.0,446308.0,179100.0
1992,1400.0,104000.0,32800.0,54300.0,263.0,172000.0,8560.0,18200.0,13500.0,11400.0,3500.0,12700.0,1780.0,5060.0,3640.0,1040.0,105000.0,17500.0,8830.0,0.0,10800.0,294000.0,8180.0,912000.0,48400.0,12500.0,9390.0,1280.0,3790.0,4340.0,8380.0,5.49,36300.0,12900.0,1340.0,18400.0,56600.0,1750.0,708.0,4450.0,15000.0,12100.0,120000.0,15900.0,1490.0,163000.0,4840.0,8960.0,3620.0,1350.0,1700.0,13900.0,1390.0,306000.0,188000.0,202000.0,24000.0,3080.0,458.0,27300.0,484.0,80200.0,171.0,89000.0,9560.0,59800.0,1820.0,1080.0,167.0,78000.0,4370.0,45.6,54200.0,0.0,202000.0,58.1,2900.0,816.0,5630.0,10800.0,211.0,5730.0,67400.0,12400.0,1520.0,162000.0,24500.0,1540.0,147000.0,41700.0,37700.0,624.0,4520.0,9600.0,16900.0,97700.0,2940.0,29200.0,34500.0,1140000.0,480000.0,975.0,11800.0,0.0,4480.0,2950.0,115000.0,20400.0,33700.0,4330.0,9030.0,29500.0,10600.0,27700.0,1660.0,9450.0,30900.0,1170.0,12400.0,6600.0,26400.0,48800.0,112000.0,134000.0,215000.0,1650000.0,1260.0,40800.0,166000.0,28800.0,8930.0,5050.0,9030.0,2943969.0,711867.0,2391172.19,2146000.0,455168.0,184400.0
1993,1330.0,105000.0,30500.0,57000.0,370.0,175000.0,8770.0,16400.0,13900.0,12000.0,3220.0,12100.0,1840.0,5150.0,3130.0,1050.0,106000.0,17200.0,9280.0,0.0,10500.0,316000.0,7780.0,941000.0,49400.0,12700.0,10300.0,974.0,3930.0,4550.0,6550.0,5.47,35800.0,13900.0,1450.0,19700.0,59800.0,1730.0,708.0,3240.0,14700.0,11800.0,126000.0,16800.0,1780.0,152000.0,4970.0,8980.0,3620.0,1340.0,1700.0,13700.0,1490.0,310000.0,195000.0,215000.0,27300.0,3450.0,502.0,28300.0,473.0,87700.0,188.0,78400.0,9850.0,107000.0,1580.0,1180.0,171.0,74100.0,3860.0,44.2,56400.0,0.0,203000.0,63.3,2560.0,789.0,5700.0,10400.0,207.0,5860.0,68500.0,12900.0,1510.0,165000.0,22500.0,1510.0,155000.0,44300.0,39000.0,663.0,4820.0,10100.0,16500.0,97400.0,3280.0,28700.0,33400.0,1060000.0,473000.0,992.0,11400.0,0.0,4990.0,2770.0,123000.0,20100.0,32900.0,4260.0,9150.0,29300.0,10900.0,28700.0,1700.0,9670.0,30200.0,1230.0,11600.0,5730.0,26200.0,57400.0,100000.0,131000.0,223000.0,1600000.0,1190.0,42800.0,175000.0,30600.0,11000.0,5250.0,8620.0,3046180.0,726227.0,2308892.9699999997,2119000.0,467750.0,187900.0
1994,1280.0,101000.0,33000.0,62400.0,303.0,174000.0,8400.0,14900.0,13600.0,12500.0,3450.0,11600.0,1850.0,5570.0,758.0,1070.0,111000.0,17600.0,9420.0,0.0,10500.0,339000.0,7860.0,992000.0,51300.0,13100.0,9810.0,975.0,4050.0,4080.0,6710.0,11.7,33300.0,15100.0,1450.0,21500.0,59200.0,1750.0,708.0,3410.0,15100.0,13000.0,124000.0,18500.0,1030.0,145000.0,5130.0,9150.0,3610.0,1370.0,1670.0,13300.0,1480.0,321000.0,208000.0,218000.0,30200.0,3560.0,516.0,29500.0,485.0,90500.0,272.0,70900.0,10100.0,114000.0,1470.0,1330.0,185.0,75000.0,2700.0,45.3,58300.0,0.0,204000.0,52.6,2330.0,849.0,5800.0,11000.0,190.0,5990.0,66400.0,12600.0,1490.0,166000.0,21300.0,1510.0,170000.0,46300.0,39500.0,651.0,5380.0,10100.0,16500.0,97400.0,3490.0,28300.0,31700.0,991000.0,464000.0,1010.0,10500.0,0.0,5480.0,2890.0,128000.0,19300.0,32300.0,4000.0,10300.0,31300.0,11400.0,31100.0,1540.0,9860.0,31700.0,1280.0,12300.0,5470.0,26300.0,32900.0,87400.0,134000.0,245000.0,1660000.0,1180.0,46100.0,182000.0,31800.0,17000.0,5260.0,8460.0,3105788.0,743412.0,2249330.6,2203000.0,490751.0,186600.0
1995,1240.0,107000.0,36400.0,66900.0,245.0,187000.0,8740.0,14700.0,13700.0,12800.0,3320.0,11900.0,1850.0,5770.0,817.0,1060.0,112000.0,18200.0,10300.0,2900.0,9800.0,349000.0,7850.0,1070000.0,60100.0,13700.0,10100.0,962.0,4250.0,4180.0,6190.0,42.4,32400.0,15600.0,1440.0,22100.0,59800.0,1790.0,730.0,3220.0,15500.0,13200.0,128000.0,19800.0,1200.0,145000.0,5250.0,9300.0,3830.0,1390.0,1660.0,13900.0,1570.0,336000.0,216000.0,224000.0,31300.0,4100.0,548.0,29400.0,483.0,98600.0,280.0,63500.0,10500.0,115000.0,1260.0,1430.0,180.0,76100.0,3850.0,44.6,64600.0,0.0,202000.0,54.1,2260.0,831.0,5910.0,11000.0,249.0,6140.0,66700.0,12700.0,1500.0,169000.0,20000.0,1600.0,184000.0,48700.0,41000.0,604.0,6030.0,10000.0,15800.0,99400.0,3320.0,28700.0,32300.0,968000.0,467000.0,1060.0,12200.0,0.0,5040.0,2970.0,135000.0,21200.0,31500.0,4020.0,10400.0,31800.0,11200.0,33100.0,1330.0,10100.0,33200.0,1360.0,12200.0,5330.0,26500.0,32800.0,81600.0,137000.0,258000.0,1660000.0,1010.0,48700.0,197000.0,34500.0,17300.0,5350.0,8380.0,3242068.0,770060.0,2259183.1,2211000.0,520809.0,199700.0
1996,1330.0,113000.0,39800.0,72000.0,742.0,190000.0,8630.0,14400.0,13900.0,13000.0,3330.0,12400.0,1920.0,5940.0,1110.0,973.0,119000.0,17700.0,10700.0,2960.0,10300.0,358000.0,7870.0,1100000.0,65700.0,14200.0,11200.0,994.0,5160.0,4240.0,6670.0,43.1,33100.0,17700.0,1450.0,21900.0,58700.0,1820.0,755.0,3750.0,15900.0,13600.0,132000.0,19900.0,1610.0,143000.0,5410.0,9120.0,4240.0,1600.0,1700.0,13600.0,1620.0,342000.0,225000.0,225000.0,32700.0,3540.0,557.0,30300.0,498.0,102000.0,275.0,63300.0,10800.0,115000.0,1320.0,1440.0,190.0,75700.0,4490.0,37.4,70100.0,0.0,212000.0,91.0,1870.0,877.0,6010.0,10900.0,230.0,6270.0,74600.0,13800.0,1550.0,182000.0,17900.0,1570.0,207000.0,50200.0,42000.0,701.0,6390.0,9960.0,15800.0,99000.0,3790.0,29500.0,32800.0,965000.0,472000.0,1090.0,12100.0,0.0,4980.0,2880.0,135000.0,22500.0,32700.0,4200.0,10800.0,32000.0,10800.0,31800.0,1350.0,10300.0,37200.0,1420.0,12900.0,5910.0,27100.0,32900.0,73700.0,142000.0,269000.0,1680000.0,980.0,49100.0,223000.0,37700.0,17500.0,5350.0,8260.0,3318512.0,794545.0,2300543.5,2250000.0,566863.0,203800.0
1997,1100.0,122000.0,41600.0,77500.0,539.0,201000.0,8710.0,14100.0,14300.0,13100.0,3320.0,13400.0,1890.0,5800.0,2150.0,992.0,126000.0,17600.0,10200.0,3020.0,10900.0,365000.0,7910.0,1100000.0,67600.0,14400.0,12500.0,1030.0,5440.0,4120.0,6530.0,41.6,33500.0,20200.0,1460.0,22000.0,57700.0,1850.0,779.0,3680.0,16300.0,15000.0,129000.0,20100.0,1440.0,144000.0,5540.0,9560.0,4670.0,1590.0,1900.0,13300.0,1680.0,353000.0,229000.0,226000.0,65500.0,2850.0,584.0,30400.0,510.0,106000.0,289.0,65100.0,11000.0,115000.0,1260.0,1620.0,201.0,75800.0,4060.0,42.5,73700.0,0.0,220000.0,100.0,1810.0,842.0,6160.0,11200.0,217.0,6400.0,66200.0,14500.0,1600.0,194000.0,17400.0,1490.0,213000.0,51500.0,42200.0,704.0,7010.0,9740.0,16100.0,100000.0,3750.0,40200.0,31500.0,933000.0,467000.0,1100.0,12500.0,0.0,4950.0,3000.0,143000.0,23700.0,31700.0,4350.0,11000.0,32500.0,11300.0,32600.0,1240.0,10400.0,40000.0,1480.0,12900.0,6350.0,28000.0,19800.0,74700.0,147000.0,268000.0,1680000.0,1040.0,51300.0,235000.0,40600.0,18300.0,5490.0,8060.0,3385703.0,829791.0,2269603.1,2265000.0,594344.0,215500.0
1998,1090.0,127000.0,43000.0,79700.0,547.0,217000.0,8880.0,16300.0,14700.0,13700.0,3190.0,13100.0,1850.0,5990.0,2580.0,1120.0,134000.0,17000.0,10200.0,3080.0,11300.0,365000.0,7650.0,1090000.0,73600.0,14700.0,13700.0,953.0,5410.0,4020.0,6070.0,43.0,31500.0,20400.0,1380.0,21400.0,57200.0,1850.0,482.0,3240.0,16800.0,13600.0,125000.0,19200.0,1380.0,136000.0,5410.0,9830.0,4970.0,1630.0,1900.0,12500.0,1810.0,352000.0,231000.0,230000.0,110000.0,2460.0,600.0,30300.0,467.0,109000.0,295.0,64400.0,11300.0,118000.0,1110.0,1770.0,193.0,78300.0,4620.0,53.1,74600.0,0.0,224000.0,62.6,1860.0,765.0,6770.0,12200.0,252.0,6540.0,63700.0,13400.0,1460.0,189000.0,15900.0,1750.0,206000.0,51800.0,43300.0,643.0,6860.0,9790.0,17300.0,87600.0,3730.0,46000.0,28800.0,940000.0,482000.0,1120.0,12700.0,14.4,4990.0,3050.0,145000.0,27100.0,32300.0,4320.0,11400.0,34000.0,11400.0,33700.0,1270.0,11200.0,39700.0,1550.0,13900.0,6780.0,29100.0,18100.0,74600.0,151000.0,272000.0,1690000.0,1230.0,54400.0,232000.0,43900.0,18600.0,5640.0,8240.0,3469269.4,840202.0,2243895.7,2279000.0,607443.0,230400.0
1999,1070.0,137000.0,43600.0,80100.0,646.0,214000.0,9720.0,19000.0,14500.0,14400.0,3510.0,13900.0,1790.0,5190.0,2610.0,1130.0,142000.0,18600.0,9160.0,3140.0,11000.0,364000.0,7500.0,1060000.0,76500.0,15100.0,14600.0,1110.0,6030.0,3600.0,6910.0,43.6,28800.0,23800.0,1490.0,21400.0,59300.0,2000.0,496.0,2990.0,17200.0,15400.0,127000.0,17200.0,1330.0,137000.0,5640.0,9530.0,5370.0,1620.0,1480.0,11900.0,2190.0,359000.0,244000.0,257000.0,131000.0,2460.0,601.0,29200.0,481.0,105000.0,286.0,65600.0,11500.0,108000.0,1300.0,1640.0,155.0,69300.0,3660.0,53.4,72800.0,0.0,221000.0,63.9,1840.0,615.0,6960.0,13700.0,270.0,6710.0,59500.0,13700.0,1480.0,188000.0,17700.0,1630.0,209000.0,54000.0,45100.0,730.0,6740.0,9530.0,18700.0,83900.0,3370.0,53200.0,27800.0,962000.0,445000.0,1140.0,10500.0,15.1,5510.0,2870.0,145000.0,30600.0,30700.0,4550.0,14400.0,33200.0,12100.0,33900.0,1380.0,12100.0,41500.0,1720.0,16100.0,6730.0,27500.0,26300.0,75500.0,143000.0,282000.0,1670000.0,920.0,55000.0,211000.0,45600.0,19700.0,5790.0,8720.0,3484852.1,849356.0,2268356.9,2255000.0,599651.0,227700.0
2000,986.0,142000.0,43700.0,82300.0,632.0,234000.0,9780.0,19000.0,14900.0,15200.0,3520.0,13700.0,1450.0,5540.0,3080.0,1130.0,148000.0,19700.0,9920.0,3200.0,11100.0,373000.0,8120.0,1060000.0,73300.0,17500.0,14600.0,1280.0,6010.0,3580.0,7910.0,44.3,30700.0,27700.0,1420.0,22700.0,56500.0,2120.0,508.0,3180.0,17600.0,15100.0,131000.0,15100.0,1330.0,135000.0,5880.0,9990.0,5240.0,1540.0,1520.0,11600.0,2310.0,366000.0,236000.0,267000.0,135000.0,2160.0,642.0,28200.0,589.0,106000.0,286.0,77900.0,11700.0,114000.0,1440.0,1410.0,167.0,72800.0,3360.0,57.3,76100.0,0.0,222000.0,63.8,1920.0,571.0,7260.0,15400.0,286.0,7140.0,57600.0,14100.0,1550.0,202000.0,18800.0,1540.0,227000.0,61000.0,46900.0,756.0,6840.0,9360.0,19600.0,79600.0,3850.0,59200.0,28300.0,978000.0,479000.0,1190.0,11400.0,22.7,6330.0,3100.0,146000.0,34400.0,31700.0,4750.0,20200.0,30500.0,12000.0,32700.0,1260.0,12700.0,44000.0,1770.0,20000.0,6630.0,25900.0,46000.0,76400.0,156000.0,273000.0,1670000.0,1030.0,54900.0,221000.0,48100.0,22000.0,5930.0,8620.0,3617390.7,878972.0,2294623.4,2265000.0,622115.0,248100.0
2001,883.0,137000.0,43500.0,84500.0,602.0,254000.0,9780.0,19600.0,14900.0,16200.0,3600.0,13300.0,1490.0,6230.0,3100.0,1120.0,152000.0,19900.0,10400.0,3260.0,10700.0,377000.0,8610.0,1090000.0,73000.0,18200.0,13600.0,1270.0,5970.0,3750.0,8160.0,44.5,31400.0,27100.0,1500.0,23000.0,57000.0,2290.0,531.0,3170.0,18000.0,15100.0,132000.0,14400.0,1270.0,135000.0,6000.0,9970.0,5230.0,1540.0,1490.0,11300.0,2450.0,375000.0,242000.0,260000.0,134000.0,1780.0,673.0,26900.0,500.0,105000.0,281.0,83300.0,12200.0,112000.0,1350.0,1520.0,159.0,71900.0,4260.0,58.2,77200.0,0.0,226000.0,74.2,1900.0,584.0,7550.0,15800.0,296.0,7340.0,61500.0,14200.0,1540.0,211000.0,19300.0,1580.0,226000.0,65300.0,49000.0,678.0,6160.0,9410.0,18400.0,80300.0,4100.0,63100.0,27700.0,1010000.0,470000.0,1210.0,11100.0,24.1,6690.0,3160.0,145000.0,34900.0,33500.0,4560.0,22300.0,33900.0,12600.0,33900.0,1290.0,13400.0,43200.0,1800.0,20600.0,6640.0,24400.0,50400.0,76300.0,152000.0,262000.0,1690000.0,1210.0,55500.0,217000.0,50100.0,22100.0,6070.0,8610.0,3663418.1,885590.0,2323641.9,2293000.0,625918.0,268200.0
2002,959.0,143000.0,51400.0,81300.0,738.0,264000.0,9820.0,19800.0,15300.0,16700.0,3680.0,13500.0,1550.0,7050.0,3310.0,1120.0,167000.0,20300.0,10700.0,3320.0,11000.0,384000.0,8600.0,1170000.0,69100.0,18700.0,13100.0,1410.0,6530.0,3710.0,8210.0,44.7,31500.0,28600.0,1510.0,22200.0,60900.0,2320.0,548.0,3380.0,18400.0,16100.0,134000.0,14100.0,1330.0,135000.0,5990.0,10200.0,5410.0,1730.0,1550.0,11200.0,2460.0,384000.0,248000.0,265000.0,116000.0,1540.0,708.0,27500.0,393.0,96900.0,263.0,90400.0,12500.0,101000.0,1200.0,1610.0,191.0,65900.0,5060.0,56.1,80500.0,0.239,226000.0,75.5,2050.0,586.0,7760.0,16500.0,298.0,7620.0,60700.0,14600.0,1660.0,196000.0,18700.0,1510.0,235000.0,63300.0,50100.0,738.0,6290.0,9290.0,20100.0,80200.0,3640.0,67700.0,29100.0,1050000.0,440000.0,1260.0,11300.0,33.7,6820.0,3340.0,144000.0,34800.0,31800.0,4540.0,24400.0,31800.0,12200.0,37100.0,1360.0,13900.0,45900.0,1850.0,24000.0,6710.0,24100.0,52900.0,76800.0,149000.0,258000.0,1660000.0,1240.0,56200.0,203000.0,53200.0,22200.0,6220.0,8640.0,3720104.7,889143.0,2372383.539,2270000.0,624001.0,278600.0
2003,1050.0,155000.0,51400.0,84300.0,692.0,264000.0,9600.0,19800.0,15600.0,17600.0,3580.0,13700.0,1580.0,8050.0,3490.0,1030.0,178000.0,21200.0,10200.0,3370.0,10900.0,386000.0,8100.0,1320000.0,74300.0,19400.0,12100.0,1440.0,6780.0,3750.0,8020.0,48.1,33500.0,28500.0,1540.0,23700.0,64400.0,2400.0,564.0,3910.0,18900.0,16000.0,136000.0,15100.0,1380.0,136000.0,6020.0,9910.0,5480.0,1670.0,1620.0,10400.0,2460.0,396000.0,255000.0,295000.0,80400.0,1830.0,739.0,27800.0,396.0,84100.0,287.0,101000.0,13200.0,121000.0,1400.0,1740.0,252.0,77500.0,5370.0,58.1,83900.0,0.31,237000.0,84.6,1980.0,639.0,7730.0,18400.0,317.0,7790.0,58700.0,13400.0,1810.0,216000.0,19300.0,1670.0,234000.0,60500.0,55300.0,689.0,6620.0,9510.0,20600.0,79900.0,4340.0,71900.0,29300.0,1120000.0,515000.0,1260.0,11400.0,28.2,6590.0,3270.0,153000.0,37900.0,33000.0,4660.0,25400.0,30900.0,12300.0,36000.0,1470.0,14400.0,49200.0,1900.0,31000.0,6450.0,23600.0,58600.0,79500.0,163000.0,247000.0,1630000.0,1160.0,56300.0,179000.0,54400.0,21900.0,6360.0,8600.0,4019174.2,947632.0,2436523.11,2253000.0,628805.0,277400.0
2004,1150.0,158000.0,57600.0,87100.0,746.0,269000.0,9900.0,20100.0,15800.0,18400.0,3630.0,13800.0,1620.0,10800.0,3590.0,1020.0,183000.0,20800.0,10300.0,3420.0,10800.0,398000.0,8080.0,1490000.0,76200.0,20200.0,12500.0,2090.0,9550.0,3880.0,7480.0,50.1,34500.0,31100.0,1610.0,29300.0,64700.0,2390.0,482.0,3710.0,19400.0,15800.0,137000.0,15100.0,1290.0,138000.0,6270.0,10300.0,5440.0,1650.0,1670.0,10200.0,2520.0,410000.0,265000.0,307000.0,104000.0,1860.0,1740.0,28400.0,412.0,95100.0,294.0,114000.0,13700.0,132000.0,1480.0,1850.0,234.0,86300.0,5200.0,66.7,88500.0,0.406,247000.0,92.2,2020.0,680.0,9050.0,20600.0,323.0,7970.0,68000.0,13000.0,1930.0,230000.0,20200.0,1600.0,228000.0,58900.0,58800.0,753.0,6630.0,9610.0,20900.0,78800.0,3900.0,87900.0,28400.0,1170000.0,553000.0,1260.0,11600.0,26.8,6450.0,3460.0,158000.0,38300.0,32600.0,4770.0,27000.0,34300.0,12100.0,28400.0,1490.0,15100.0,51200.0,1940.0,33000.0,6810.0,24100.0,57800.0,80200.0,171000.0,226000.0,1650000.0,853.0,57100.0,218000.0,65200.0,20600.0,6440.0,8610.0,4371620.8,984879.0,2478445.406,2295000.0,687998.0,282000.0
2005,1170.0,167000.0,70900.0,84700.0,861.0,280000.0,10100.0,27200.0,16100.0,19300.0,3810.0,13900.0,1670.0,13900.0,3650.0,1060.0,195000.0,21100.0,10700.0,3480.0,10500.0,401000.0,8870.0,1620000.0,79500.0,20800.0,13600.0,2310.0,10600.0,3810.0,6290.0,51.0,32900.0,31300.0,1880.0,29400.0,76900.0,2490.0,500.0,3870.0,19900.0,16700.0,137000.0,14900.0,981.0,135000.0,6430.0,10300.0,5500.0,1920.0,1770.0,10400.0,2640.0,422000.0,280000.0,318000.0,97500.0,1630.0,2110.0,27900.0,412.0,101000.0,256.0,117000.0,14000.0,147000.0,1450.0,1860.0,229.0,94400.0,3920.0,88.3,91500.0,0.525,254000.0,88.4,3420.0,610.0,10100.0,23100.0,324.0,8150.0,62200.0,12600.0,1950.0,233000.0,22000.0,1580.0,224000.0,60300.0,61500.0,735.0,6730.0,10900.0,21400.0,78700.0,3610.0,93100.0,27800.0,1200000.0,581000.0,1270.0,10300.0,46.1,6610.0,3510.0,158000.0,42900.0,30100.0,4920.0,27000.0,34700.0,11000.0,26100.0,1550.0,15800.0,55000.0,2000.0,36400.0,6680.0,23900.0,61100.0,81000.0,174000.0,205000.0,1630000.0,1020.0,56400.0,233000.0,69700.0,20500.0,6620.0,8860.0,4631262.1,1033573.0,2468640.225,2285000.0,724677.0,292600.0
2006,1190.0,165000.0,80000.0,86200.0,846.0,282000.0,10100.0,38100.0,16500.0,21200.0,3920.0,13800.0,1830.0,14700.0,3960.0,1060.0,207000.0,22300.0,11000.0,3540.0,10300.0,411000.0,9160.0,1730000.0,84600.0,21400.0,15400.0,2520.0,11900.0,4150.0,5980.0,51.5,33600.0,29600.0,1890.0,29900.0,79700.0,2630.0,515.0,3750.0,20400.0,18200.0,137000.0,13500.0,929.0,136000.0,6550.0,10100.0,5430.0,1970.0,1980.0,10300.0,3260.0,438000.0,314000.0,329000.0,101000.0,1600.0,2680.0,27400.0,411.0,101000.0,290.0,127000.0,14300.0,151000.0,1490.0,1850.0,200.0,100000.0,3490.0,91.9,90300.0,0.645,251000.0,87.3,3750.0,629.0,10700.0,23000.0,313.0,8300.0,61100.0,13100.0,2090.0,235000.0,22300.0,1620.0,215000.0,61700.0,61900.0,751.0,7130.0,11700.0,21400.0,77600.0,4370.0,102000.0,27900.0,1230000.0,576000.0,1230.0,10600.0,34.4,6620.0,3440.0,157000.0,43700.0,31300.0,5160.0,29100.0,32800.0,12200.0,24800.0,1520.0,16400.0,56900.0,2040.0,42800.0,6630.0,26400.0,60000.0,83000.0,185000.0,187000.0,1650000.0,785.0,58500.0,234000.0,72500.0,18700.0,6790.0,8680.0,4857694.4,1053437.0,2477226.3449999997,2312000.0,753627.0,295100.0
2007,1060.0,164000.0,95100.0,82900.0,826.0,299000.0,10900.0,52100.0,17000.0,22100.0,4010.0,14400.0,1890.0,15500.0,3950.0,979.0,216000.0,20800.0,9970.0,3590.0,9250.0,416000.0,8500.0,1820000.0,87600.0,22100.0,12500.0,2760.0,11500.0,4060.0,5810.0,73.1,33800.0,27100.0,1900.0,28900.0,82300.0,2900.0,530.0,4410.0,28800.0,16100.0,135000.0,13800.0,1080.0,138000.0,6520.0,10200.0,5440.0,2010.0,2120.0,10200.0,3950.0,453000.0,318000.0,345000.0,105000.0,1410.0,2900.0,26400.0,412.0,90600.0,277.0,131000.0,14700.0,147000.0,1430.0,1800.0,192.0,97700.0,3800.0,94.6,90100.0,0.7879999999999999,244000.0,88.1,4480.0,639.0,11100.0,23900.0,332.0,8460.0,61300.0,14000.0,1660.0,231000.0,19700.0,1500.0,215000.0,60500.0,64200.0,695.0,7290.0,12500.0,22200.0,72500.0,4650.0,113000.0,27700.0,1240000.0,555000.0,1220.0,10600.0,24.7,5980.0,3470.0,159000.0,42600.0,30300.0,5080.0,34900.0,33600.0,12700.0,23900.0,1570.0,17000.0,60000.0,2100.0,43200.0,7900.0,27300.0,65800.0,81600.0,186000.0,177000.0,1670000.0,1230.0,59800.0,211000.0,73600.0,16500.0,6900.0,8630.0,4993711.7,1075082.0,2467882.588,2330000.0,740327.0,313000.0
2008,1150.0,162000.0,106000.0,82900.0,797.0,301000.0,11200.0,58600.0,17500.0,23400.0,4030.0,14500.0,1940.0,16200.0,4350.0,1040.0,228000.0,21100.0,10200.0,3610.0,9300.0,406000.0,9060.0,1990000.0,93600.0,22700.0,13300.0,2670.0,11400.0,3960.0,5700.0,82.9,32800.0,26600.0,1880.0,28600.0,87500.0,3110.0,546.0,4230.0,29600.0,16500.0,137000.0,13500.0,1080.0,134000.0,6860.0,9860.0,5390.0,1990.0,2080.0,10500.0,4360.0,468000.0,324000.0,345000.0,118000.0,1520.0,3900.0,27000.0,494.0,88700.0,276.0,142000.0,15100.0,153000.0,1190.0,1790.0,166.0,101000.0,3850.0,101.0,93100.0,0.907,233000.0,102.0,5110.0,633.0,11500.0,23000.0,324.0,8640.0,66600.0,15000.0,1690.0,228000.0,20800.0,1620.0,219000.0,63400.0,63300.0,698.0,7530.0,12700.0,23000.0,71400.0,4490.0,133000.0,28900.0,1250000.0,579000.0,1230.0,10800.0,32.3,6420.0,3670.0,162000.0,44700.0,30400.0,5070.0,34100.0,33200.0,12800.0,23800.0,1490.0,17500.0,64400.0,2140.0,42700.0,7550.0,29000.0,68400.0,81300.0,187000.0,167000.0,1700000.0,1390.0,62000.0,208000.0,71400.0,15300.0,7030.0,8530.0,5282668.3,1094039.0,2478163.807,2339000.0,756382.0,316000.0
2009,1250.0,152000.0,101000.0,80800.0,825.0,311000.0,11400.0,64600.0,17600.0,24800.0,4050.0,15300.0,2000.0,14200.0,4470.0,938.0,230000.0,18900.0,9830.0,3670.0,8850.0,390000.0,9300.0,2090000.0,99200.0,23400.0,15300.0,2710.0,11900.0,4070.0,5570.0,84.6,31200.0,23900.0,1890.0,27300.0,88200.0,3160.0,562.0,4160.0,30400.0,16600.0,130000.0,13600.0,1260.0,127000.0,7050.0,10100.0,6050.0,1870.0,2200.0,11000.0,4400.0,503000.0,352000.0,350000.0,120000.0,1530.0,3270.0,27000.0,531.0,93800.0,293.0,146000.0,15600.0,130000.0,1160.0,2100.0,174.0,87100.0,4210.0,106.0,89700.0,1.07,220000.0,104.0,7690.0,782.0,11900.0,22400.0,329.0,8820.0,63100.0,15200.0,1710.0,229000.0,20300.0,1610.0,214000.0,67200.0,64900.0,666.0,7440.0,15100.0,23500.0,67500.0,4890.0,140000.0,28300.0,1180000.0,528000.0,1260.0,9440.0,28.9,5940.0,3540.0,161000.0,44300.0,29700.0,5090.0,35200.0,30400.0,12800.0,23600.0,1500.0,18100.0,61700.0,2190.0,44000.0,7810.0,30300.0,40900.0,76900.0,169000.0,159000.0,1690000.0,1520.0,60700.0,204000.0,76600.0,15200.0,7240.0,8530.0,5359231.9,1072405.0,2363370.67,2300000.0,759217.0,326200.0
2010,0.0,0.0,0.0,0.0,0.0,324000.0,11200.0,0.0,0.0,0.0,0.0,15400.0,0.0,0.0,0.0,0.0,0.0,0.0,0.0,0.0,0.0,396000.0,9560.0,0.0,0.0,0.0,0.0,0.0,0.0,0.0,0.0,0.0,31400.0,23200.0,0.0,0.0,0.0,0.0,0.0,4900.0,0.0,17200.0,136000.0,0.0,0.0,129000.0,0.0,9190.0,0.0,0.0,0.0,11000.0,4570.0,0.0,0.0,0.0,0.0,1950.0,3730.0,28800.0,0.0,95100.0,0.0,0.0,0.0,0.0,0.0,0.0,0.0,0.0,0.0,104.0,0.0,0.0,218000.0,0.0,0.0,0.0,0.0,0.0,0.0,0.0,69700.0,16600.0,0.0,0.0,0.0,0.0,205000.0,0.0,0.0,0.0,0.0,0.0,0.0,67800.0,5960.0,0.0,0.0,0.0,0.0,0.0,0.0,0.0,6140.0,3550.0,0.0,44600.0,33900.0,0.0,0.0,32600.0,12700.0,0.0,0.0,0.0,0.0,0.0,0.0,0.0,30300.0,0.0,0.0,0.0,150000.0,1740000.0,0.0,0.0,0.0,0.0,0.0,0.0,0.0,143430.0,0.0,1041564.0,2354000.0,9560.0,340600.0
