,Albania,Algeria,Angola,Argentina,Armenia,Australia,Austria,Azerbaijan,Bahrain,Bangladesh,Belarus,Belgium,Benin,Bolivia,Bosnia and Herzegovina,Botswana,Brazil,Brunei,Bulgaria,Cambodia,Cameroon,Canada,Chile,China,Colombia,"Congo, Dem. Rep.","Congo, Rep.",Costa Rica,Cote d'Ivoire,Croatia,Cuba,Cyprus,Czech Republic,Denmark,Dominican Republic,Ecuador,Egypt,El Salvador,Eritrea,Estonia,Ethiopia,Finland,France,Gabon,Georgia,Germany,Ghana,Greece,Guatemala,Haiti,Honduras,Hungary,Iceland,India,Indonesia,Iran,Iraq,Ireland,Israel,Italy,Jamaica,Japan,Jordan,Kazakhstan,Kenya,Kuwait,Kyrgyz Republic,Latvia,Lebanon,Libya,Lithuania,Luxembourg,Malaysia,Malta,Mexico,Moldova,Mongolia,Montenegro,Morocco,Mozambique,Myanmar,Namibia,Nepal,Netherlands,New Zealand,Nicaragua,Nigeria,North Korea,North Macedonia,Norway,Oman,Pakistan,Panama,Paraguay,Peru,Philippines,Poland,Portugal,Qatar,Romania,Russia,Saudi Arabia,Senegal,Serbia,Singapore,Slovak Republic,Slovenia,South Africa,South Korea,Spain,Sri Lanka,Sudan,Sweden,Switzerland,Syria,Tajikistan,Tanzania,Thailand,Togo,Trinidad and Tobago,Tunisia,Turkey,Turkmenistan,Ukraine,United Arab Emirates,United Kingdom,United States,Uruguay,Uzbekistan,Venezuela,Vietnam,Yemen,Zambia,Zimbabwe,Nuclear_Asia,Nuclear_Africa,Nuclear_Europe,Nuclear_NA,Nuclear_SA,Nuclear_Oceania,Nuclear_Total
1960,0.0,0.0,0.0,0.0,0.0,0.0,0.0,0.0,0.0,0.0,0.0,0.0,0.0,0.0,0.0,0.0,0.0,0.0,0.0,0.0,0.0,0.0,0.0,0.0,0.0,0.0,0.0,0.0,0.0,0.0,0.0,0.0,0.0,0.0,0.0,0.0,0.0,0.0,0.0,0.0,0.0,0.0,12600.0,0.0,0.0,0.0,0.0,0.0,0.0,0.0,0.0,0.0,0.0,0.0,0.0,0.0,0.0,0.0,0.0,0.0,0.0,0.0,0.0,0.0,0.0,0.0,0.0,0.0,0.0,0.0,0.0,0.0,0.0,0.0,0.0,0.0,0.0,0.0,0.0,0.0,0.0,0.0,0.0,0.0,0.0,0.0,0.0,0.0,0.0,0.0,0.0,0.0,0.0,0.0,0.0,0.0,0.0,0.0,0.0,0.0,0.0,0.0,0.0,0.0,0.0,0.0,0.0,0.0,0.0,0.0,0.0,0.0,0.0,0.0,0.0,0.0,0.0,0.0,0.0,0.0,0.0,0.0,0.0,0.0,0.0,191000.0,47600.0,0.0,0.0,0.0,0.0,0.0,0.0,0.0,0.0,0.0,203600.0,47600.0,0.0,0.0,251200.0
1961,0.0,0.0,0.0,0.0,0.0,0.0,0.0,0.0,0.0,0.0,0.0,0.0,0.0,0.0,0.0,0.0,0.0,0.0,0.0,0.0,0.0,0.0,0.0,0.0,0.0,0.0,0.0,0.0,0.0,0.0,0.0,0.0,0.0,0.0,0.0,0.0,0.0,0.0,0.0,0.0,0.0,0.0,23300.0,0.0,0.0,2060.0,0.0,0.0,0.0,0.0,0.0,0.0,0.0,0.0,0.0,0.0,0.0,0.0,0.0,0.0,0.0,0.0,0.0,0.0,0.0,0.0,0.0,0.0,0.0,0.0,0.0,0.0,0.0,0.0,0.0,0.0,0.0,0.0,0.0,0.0,0.0,0.0,0.0,0.0,0.0,0.0,0.0,0.0,0.0,0.0,0.0,0.0,0.0,0.0,0.0,0.0,0.0,0.0,0.0,0.0,0.0,0.0,0.0,0.0,0.0,0.0,0.0,0.0,0.0,0.0,0.0,0.0,0.0,0.0,0.0,0.0,0.0,0.0,0.0,0.0,0.0,0.0,0.0,0.0,0.0,221000.0,156000.0,0.0,0.0,0.0,0.0,0.0,0.0,0.0,0.0,0.0,246360.0,156000.0,0.0,0.0,402360.0
1962,0.0,0.0,0.0,0.0,0.0,0.0,0.0,0.0,0.0,0.0,0.0,344.0,0.0,0.0,0.0,0.0,0.0,0.0,0.0,0.0,0.0,0.0,0.0,0.0,0.0,0.0,0.0,0.0,0.0,0.0,0.0,0.0,0.0,0.0,0.0,0.0,0.0,0.0,0.0,0.0,0.0,0.0,40700.0,0.0,0.0,8600.0,0.0,0.0,0.0,0.0,0.0,0.0,0.0,0.0,0.0,0.0,0.0,0.0,0.0,0.0,0.0,0.0,0.0,0.0,0.0,0.0,0.0,0.0,0.0,0.0,0.0,0.0,0.0,0.0,0.0,0.0,0.0,0.0,0.0,0.0,0.0,0.0,0.0,0.0,0.0,0.0,0.0,0.0,0.0,0.0,0.0,0.0,0.0,0.0,0.0,0.0,0.0,0.0,0.0,0.0,0.0,0.0,0.0,0.0,0.0,0.0,0.0,0.0,0.0,0.0,0.0,0.0,0.0,0.0,0.0,0.0,0.0,0.0,0.0,0.0,0.0,0.0,0.0,0.0,0.0,320000.0,209000.0,0.0,0.0,0.0,0.0,0.0,0.0,0.0,0.0,0.0,369644.0,209000.0,0.0,0.0,578644.0
1963,0.0,0.0,0.0,0.0,0.0,0.0,0.0,0.0,0.0,0.0,0.0,4040.0,0.0,0.0,0.0,0.0,0.0,0.0,0.0,0.0,0.0,8000.0,0.0,0.0,0.0,0.0,0.0,0.0,0.0,0.0,0.0,0.0,0.0,0.0,0.0,0.0,0.0,0.0,0.0,0.0,0.0,0.0,40100.0,0.0,0.0,4820.0,0.0,0.0,0.0,0.0,0.0,0.0,0.0,0.0,0.0,0.0,0.0,0.0,0.0,27800.0,0.0,0.0,0.0,0.0,0.0,0.0,0.0,0.0,0.0,0.0,0.0,0.0,0.0,0.0,0.0,0.0,0.0,0.0,0.0,0.0,0.0,0.0,0.0,0.0,0.0,0.0,0.0,0.0,0.0,0.0,0.0,0.0,0.0,0.0,0.0,0.0,0.0,0.0,0.0,0.0,0.0,0.0,0.0,0.0,0.0,0.0,0.0,0.0,0.0,0.0,0.0,0.0,0.0,0.0,0.0,0.0,0.0,0.0,0.0,0.0,0.0,0.0,0.0,0.0,0.0,547000.0,296000.0,0.0,0.0,0.0,0.0,0.0,0.0,0.0,0.0,0.0,623760.0,304000.0,0.0,0.0,927760.0
1964,0.0,0.0,0.0,0.0,0.0,0.0,0.0,0.0,0.0,0.0,0.0,4390.0,0.0,0.0,0.0,0.0,0.0,0.0,0.0,0.0,0.0,13000.0,0.0,0.0,0.0,0.0,0.0,0.0,0.0,0.0,0.0,0.0,0.0,0.0,0.0,0.0,0.0,0.0,0.0,0.0,0.0,0.0,56300.0,0.0,0.0,8940.0,0.0,0.0,0.0,0.0,0.0,0.0,0.0,0.0,0.0,0.0,0.0,0.0,0.0,206000.0,0.0,0.0,0.0,0.0,0.0,0.0,0.0,0.0,0.0,0.0,0.0,0.0,0.0,0.0,0.0,0.0,0.0,0.0,0.0,0.0,0.0,0.0,0.0,0.0,0.0,0.0,0.0,0.0,0.0,0.0,0.0,0.0,0.0,0.0,0.0,0.0,0.0,0.0,0.0,0.0,0.0,0.0,0.0,0.0,0.0,0.0,0.0,0.0,0.0,0.0,0.0,0.0,0.0,0.0,0.0,0.0,0.0,0.0,0.0,0.0,0.0,0.0,0.0,0.0,0.0,702000.0,308000.0,0.0,0.0,0.0,0.0,0.0,0.0,0.0,0.0,0.0,977630.0,321000.0,0.0,0.0,1298630.0
1965,0.0,0.0,0.0,0.0,0.0,0.0,0.0,0.0,0.0,0.0,0.0,0.0,0.0,0.0,0.0,0.0,0.0,0.0,0.0,0.0,0.0,11000.0,0.0,0.0,0.0,0.0,0.0,0.0,0.0,0.0,0.0,0.0,0.0,0.0,0.0,0.0,0.0,0.0,0.0,0.0,0.0,0.0,90500.0,0.0,0.0,10100.0,0.0,0.0,0.0,0.0,0.0,0.0,0.0,0.0,0.0,0.0,0.0,0.0,0.0,302000.0,0.0,0.0,0.0,0.0,0.0,0.0,0.0,0.0,0.0,0.0,0.0,0.0,0.0,0.0,0.0,0.0,0.0,0.0,0.0,0.0,0.0,0.0,0.0,0.0,0.0,0.0,0.0,0.0,0.0,0.0,0.0,0.0,0.0,0.0,0.0,0.0,0.0,0.0,0.0,0.0,0.0,0.0,0.0,0.0,0.0,0.0,0.0,0.0,0.0,0.0,0.0,0.0,1550.0,0.0,0.0,0.0,0.0,0.0,0.0,0.0,0.0,0.0,0.0,0.0,0.0,1300000.0,337000.0,0.0,0.0,0.0,0.0,0.0,0.0,0.0,0.0,0.0,1704150.0,348000.0,0.0,0.0,2052150.0
1966,0.0,0.0,0.0,0.0,0.0,0.0,0.0,0.0,0.0,0.0,0.0,516.0,0.0,0.0,0.0,0.0,0.0,0.0,0.0,0.0,0.0,14800.0,0.0,0.0,0.0,0.0,0.0,0.0,0.0,0.0,0.0,0.0,0.0,0.0,0.0,0.0,0.0,0.0,0.0,0.0,0.0,0.0,138000.0,0.0,0.0,22800.0,0.0,0.0,0.0,0.0,0.0,0.0,0.0,0.0,0.0,0.0,0.0,0.0,0.0,332000.0,0.0,51600.0,0.0,0.0,0.0,0.0,0.0,0.0,0.0,0.0,0.0,0.0,0.0,0.0,0.0,0.0,0.0,0.0,0.0,0.0,0.0,0.0,0.0,0.0,0.0,0.0,0.0,0.0,0.0,0.0,0.0,0.0,0.0,0.0,0.0,0.0,0.0,0.0,0.0,0.0,0.0,0.0,0.0,0.0,0.0,0.0,0.0,0.0,0.0,0.0,0.0,0.0,3870.0,0.0,0.0,0.0,0.0,0.0,0.0,0.0,0.0,0.0,0.0,0.0,0.0,1740000.0,508000.0,0.0,0.0,0.0,0.0,0.0,0.0,0.0,51600.0,0.0,2237186.0,522800.0,0.0,0.0,2811586.0
1967,0.0,0.0,0.0,0.0,0.0,0.0,0.0,0.0,0.0,0.0,0.0,8080.0,0.0,0.0,0.0,0.0,0.0,0.0,0.0,0.0,0.0,13200.0,0.0,0.0,0.0,0.0,0.0,0.0,0.0,0.0,0.0,0.0,0.0,0.0,0.0,0.0,0.0,0.0,0.0,0.0,0.0,0.0,251000.0,0.0,0.0,105000.0,0.0,0.0,0.0,0.0,0.0,0.0,0.0,0.0,0.0,0.0,0.0,0.0,0.0,271000.0,0.0,51600.0,0.0,0.0,0.0,0.0,0.0,0.0,0.0,0.0,0.0,0.0,0.0,0.0,0.0,0.0,0.0,0.0,0.0,0.0,0.0,0.0,0.0,0.0,0.0,0.0,0.0,0.0,0.0,0.0,0.0,0.0,0.0,0.0,0.0,0.0,0.0,0.0,0.0,0.0,0.0,0.0,0.0,0.0,0.0,0.0,0.0,0.0,0.0,0.0,0.0,0.0,4300.0,0.0,0.0,0.0,0.0,0.0,0.0,0.0,0.0,0.0,0.0,0.0,0.0,2000000.0,657000.0,0.0,0.0,0.0,0.0,0.0,0.0,0.0,51600.0,0.0,2639380.0,670200.0,0.0,0.0,3361180.0
1968,0.0,0.0,0.0,0.0,0.0,0.0,0.0,0.0,0.0,0.0,0.0,5250.0,0.0,0.0,0.0,0.0,0.0,0.0,0.0,0.0,0.0,78900.0,0.0,0.0,0.0,0.0,0.0,0.0,0.0,0.0,0.0,0.0,0.0,0.0,0.0,0.0,0.0,0.0,0.0,0.0,0.0,0.0,304000.0,0.0,0.0,152000.0,0.0,0.0,0.0,0.0,0.0,0.0,0.0,0.0,0.0,0.0,0.0,0.0,0.0,222000.0,0.0,86000.0,0.0,0.0,0.0,0.0,0.0,0.0,0.0,0.0,0.0,0.0,0.0,0.0,0.0,0.0,0.0,0.0,0.0,0.0,0.0,0.0,0.0,2410.0,0.0,0.0,0.0,0.0,0.0,0.0,0.0,0.0,0.0,0.0,0.0,0.0,0.0,0.0,0.0,0.0,0.0,0.0,0.0,0.0,0.0,0.0,0.0,0.0,0.0,7140.0,0.0,0.0,1980.0,0.0,0.0,0.0,0.0,0.0,0.0,0.0,0.0,0.0,0.0,0.0,0.0,2250000.0,1150000.0,0.0,0.0,0.0,0.0,0.0,0.0,0.0,86000.0,0.0,2944780.0,1228900.0,0.0,0.0,4259680.0
1969,0.0,0.0,0.0,0.0,0.0,0.0,0.0,0.0,0.0,0.0,0.0,1890.0,0.0,0.0,0.0,0.0,0.0,0.0,0.0,0.0,0.0,45500.0,0.0,0.0,0.0,0.0,0.0,0.0,0.0,0.0,0.0,0.0,0.0,0.0,0.0,0.0,0.0,0.0,0.0,0.0,0.0,0.0,426000.0,0.0,0.0,425000.0,0.0,0.0,0.0,0.0,0.0,0.0,0.0,0.0,0.0,0.0,0.0,0.0,0.0,144000.0,0.0,94600.0,0.0,0.0,0.0,0.0,0.0,0.0,0.0,0.0,0.0,0.0,0.0,0.0,0.0,0.0,0.0,0.0,0.0,0.0,0.0,0.0,0.0,27100.0,0.0,0.0,0.0,0.0,0.0,0.0,0.0,0.0,0.0,0.0,0.0,0.0,0.0,0.0,0.0,0.0,0.0,0.0,0.0,0.0,0.0,0.0,0.0,0.0,0.0,71300.0,0.0,0.0,5250.0,46000.0,0.0,0.0,0.0,0.0,0.0,0.0,0.0,0.0,0.0,0.0,0.0,2500000.0,1280000.0,0.0,0.0,0.0,0.0,0.0,0.0,0.0,94600.0,0.0,3646540.0,1325500.0,0.0,0.0,5066640.0
1970,0.0,0.0,0.0,0.0,0.0,0.0,0.0,0.0,0.0,0.0,0.0,4900.0,0.0,0.0,0.0,0.0,0.0,0.0,0.0,0.0,0.0,89200.0,0.0,0.0,0.0,0.0,0.0,0.0,0.0,0.0,0.0,0.0,0.0,0.0,0.0,0.0,0.0,0.0,0.0,0.0,0.0,0.0,491000.0,0.0,0.0,558000.0,0.0,0.0,0.0,0.0,0.0,0.0,0.0,0.0,0.0,0.0,0.0,0.0,0.0,273000.0,0.0,396000.0,0.0,0.0,0.0,0.0,0.0,0.0,0.0,0.0,0.0,0.0,0.0,0.0,0.0,0.0,0.0,0.0,0.0,0.0,0.0,0.0,0.0,31600.0,0.0,0.0,0.0,0.0,0.0,0.0,0.0,0.0,0.0,0.0,0.0,0.0,0.0,0.0,0.0,0.0,0.0,0.0,0.0,0.0,0.0,0.0,0.0,0.0,0.0,79400.0,0.0,0.0,4820.0,152000.0,0.0,0.0,0.0,0.0,0.0,0.0,0.0,0.0,0.0,0.0,0.0,2240000.0,2010000.0,0.0,0.0,0.0,0.0,0.0,0.0,0.0,396000.0,0.0,3834720.0,2099200.0,0.0,0.0,6329920.0
1971,0.0,0.0,0.0,0.0,0.0,0.0,0.0,0.0,0.0,0.0,0.0,0.0,0.0,0.0,0.0,0.0,0.0,0.0,0.0,0.0,0.0,367000.0,0.0,0.0,0.0,0.0,0.0,0.0,0.0,0.0,0.0,0.0,0.0,0.0,0.0,0.0,0.0,0.0,0.0,0.0,0.0,0.0,803000.0,0.0,0.0,535000.0,0.0,0.0,0.0,0.0,0.0,0.0,0.0,102000.0,0.0,0.0,0.0,0.0,0.0,289000.0,0.0,688000.0,0.0,0.0,0.0,0.0,0.0,0.0,0.0,0.0,0.0,0.0,0.0,0.0,0.0,0.0,0.0,0.0,0.0,0.0,0.0,0.0,0.0,34800.0,0.0,0.0,0.0,0.0,0.0,0.0,0.0,8940.0,0.0,0.0,0.0,0.0,0.0,0.0,0.0,0.0,0.0,0.0,0.0,0.0,0.0,0.0,0.0,0.0,0.0,217000.0,0.0,0.0,7740.0,120000.0,0.0,0.0,0.0,0.0,0.0,0.0,0.0,0.0,0.0,0.0,0.0,2370000.0,3490000.0,0.0,0.0,0.0,0.0,0.0,0.0,0.0,798940.0,0.0,4376540.0,3857000.0,0.0,0.0,9032480.0
1972,0.0,0.0,0.0,0.0,0.0,0.0,0.0,0.0,0.0,0.0,0.0,946.0,0.0,0.0,0.0,0.0,0.0,0.0,0.0,0.0,0.0,620000.0,0.0,0.0,0.0,0.0,0.0,0.0,0.0,0.0,0.0,0.0,0.0,0.0,0.0,0.0,0.0,0.0,0.0,0.0,0.0,0.0,1260000.0,0.0,0.0,819000.0,0.0,0.0,0.0,0.0,0.0,0.0,0.0,97400.0,0.0,0.0,0.0,0.0,0.0,312000.0,0.0,817000.0,0.0,0.0,0.0,0.0,0.0,0.0,0.0,0.0,0.0,0.0,0.0,0.0,0.0,0.0,0.0,0.0,0.0,0.0,0.0,0.0,0.0,28000.0,0.0,0.0,0.0,0.0,0.0,0.0,0.0,8940.0,0.0,0.0,0.0,0.0,0.0,0.0,0.0,0.0,0.0,0.0,0.0,0.0,0.0,258.0,0.0,0.0,0.0,409000.0,0.0,0.0,126000.0,330000.0,0.0,0.0,0.0,0.0,0.0,0.0,0.0,0.0,0.0,0.0,0.0,2530000.0,4970000.0,0.0,0.0,0.0,0.0,0.0,0.0,0.0,923340.0,0.0,5815204.0,5590000.0,0.0,0.0,12328544.0
1973,0.0,0.0,0.0,0.0,0.0,0.0,0.0,0.0,0.0,0.0,0.0,6540.0,0.0,0.0,0.0,0.0,0.0,0.0,0.0,0.0,0.0,1310000.0,0.0,0.0,0.0,0.0,0.0,0.0,0.0,0.0,0.0,0.0,0.0,0.0,0.0,0.0,0.0,0.0,0.0,0.0,0.0,0.0,1270000.0,0.0,0.0,1040000.0,0.0,0.0,0.0,0.0,0.0,0.0,0.0,206000.0,0.0,0.0,0.0,0.0,0.0,270000.0,0.0,835000.0,0.0,0.0,0.0,0.0,0.0,0.0,0.0,0.0,0.0,0.0,0.0,0.0,0.0,0.0,0.0,0.0,0.0,0.0,0.0,0.0,0.0,95300.0,0.0,0.0,0.0,0.0,0.0,0.0,0.0,26100.0,0.0,0.0,0.0,0.0,0.0,0.0,0.0,0.0,0.0,0.0,0.0,0.0,0.0,20000.0,0.0,0.0,0.0,563000.0,0.0,0.0,182000.0,543000.0,0.0,0.0,0.0,0.0,0.0,0.0,0.0,0.0,0.0,0.0,0.0,2410000.0,7670000.0,0.0,0.0,0.0,0.0,0.0,0.0,0.0,1067100.0,0.0,6399840.0,8980000.0,0.0,0.0,16446940.0
1974,0.0,0.0,0.0,89100.0,0.0,0.0,0.0,0.0,0.0,0.0,0.0,12700.0,0.0,0.0,0.0,0.0,0.0,0.0,79800.0,0.0,0.0,1260000.0,0.0,0.0,0.0,0.0,0.0,0.0,0.0,0.0,0.0,0.0,0.0,0.0,0.0,0.0,0.0,0.0,0.0,0.0,0.0,0.0,1260000.0,0.0,0.0,1240000.0,0.0,0.0,0.0,0.0,0.0,0.0,0.0,190000.0,0.0,0.0,0.0,0.0,0.0,293000.0,0.0,1690000.0,0.0,0.0,0.0,0.0,0.0,0.0,0.0,0.0,0.0,0.0,0.0,0.0,0.0,0.0,0.0,0.0,0.0,0.0,0.0,0.0,0.0,282000.0,0.0,0.0,0.0,0.0,0.0,0.0,0.0,39500.0,0.0,0.0,0.0,0.0,0.0,0.0,0.0,0.0,0.0,0.0,0.0,0.0,0.0,41800.0,0.0,0.0,0.0,621000.0,0.0,0.0,177000.0,608000.0,0.0,0.0,0.0,0.0,0.0,0.0,0.0,0.0,0.0,0.0,0.0,2890000.0,10400000.0,0.0,0.0,0.0,0.0,0.0,0.0,0.0,1919500.0,0.0,7505300.0,11660000.0,89100.0,0.0,21173900.0
1975,0.0,0.0,0.0,216000.0,0.0,0.0,0.0,0.0,0.0,0.0,0.0,583000.0,0.0,0.0,0.0,0.0,0.0,0.0,220000.0,0.0,0.0,1080000.0,0.0,0.0,0.0,0.0,0.0,0.0,0.0,0.0,0.0,0.0,0.0,0.0,0.0,0.0,0.0,0.0,0.0,0.0,0.0,0.0,1570000.0,0.0,0.0,2080000.0,0.0,0.0,0.0,0.0,0.0,0.0,0.0,226000.0,0.0,0.0,0.0,0.0,0.0,327000.0,0.0,2160000.0,0.0,0.0,0.0,0.0,0.0,0.0,0.0,0.0,0.0,0.0,0.0,0.0,0.0,0.0,0.0,0.0,0.0,0.0,0.0,0.0,0.0,287000.0,0.0,0.0,0.0,0.0,0.0,0.0,0.0,52000.0,0.0,0.0,0.0,0.0,0.0,0.0,0.0,0.0,0.0,0.0,0.0,0.0,0.0,16100.0,0.0,0.0,0.0,649000.0,0.0,0.0,1030000.0,667000.0,0.0,0.0,0.0,0.0,0.0,0.0,0.0,0.0,0.0,0.0,0.0,2610000.0,15800000.0,0.0,0.0,0.0,0.0,0.0,0.0,0.0,2438000.0,0.0,10039100.0,16880000.0,216000.0,0.0,29573100.0
1976,0.0,0.0,0.0,221000.0,0.0,0.0,0.0,0.0,0.0,0.0,0.0,863000.0,0.0,0.0,0.0,0.0,0.0,0.0,429000.0,0.0,0.0,1500000.0,0.0,0.0,0.0,0.0,0.0,0.0,0.0,0.0,0.0,0.0,0.0,0.0,0.0,0.0,0.0,0.0,0.0,0.0,0.0,0.0,1360000.0,0.0,0.0,2540000.0,0.0,0.0,0.0,0.0,0.0,0.0,0.0,280000.0,0.0,0.0,0.0,0.0,0.0,327000.0,0.0,2930000.0,0.0,0.0,0.0,0.0,0.0,0.0,0.0,0.0,0.0,0.0,0.0,0.0,0.0,0.0,0.0,0.0,0.0,0.0,0.0,0.0,0.0,333000.0,0.0,0.0,0.0,0.0,0.0,0.0,0.0,52500.0,0.0,0.0,0.0,0.0,0.0,0.0,0.0,0.0,0.0,0.0,0.0,0.0,0.0,38000.0,0.0,0.0,0.0,650000.0,0.0,0.0,1380000.0,683000.0,0.0,0.0,0.0,0.0,0.0,0.0,0.0,0.0,0.0,0.0,0.0,3110000.0,17400000.0,0.0,0.0,0.0,0.0,0.0,0.0,0.0,3262500.0,0.0,11713000.0,18900000.0,221000.0,0.0,34096500.0
1977,0.0,0.0,0.0,141000.0,0.0,0.0,0.0,0.0,0.0,0.0,0.0,1030000.0,0.0,0.0,0.0,0.0,0.0,0.0,506000.0,0.0,0.0,2270000.0,0.0,0.0,0.0,0.0,0.0,0.0,0.0,0.0,0.0,0.0,0.0,0.0,0.0,0.0,0.0,0.0,0.0,0.0,0.0,229000.0,1550000.0,0.0,0.0,3550000.0,0.0,0.0,0.0,0.0,0.0,0.0,0.0,195000.0,0.0,0.0,0.0,0.0,0.0,291000.0,0.0,2720000.0,0.0,0.0,0.0,0.0,0.0,0.0,0.0,0.0,0.0,0.0,0.0,0.0,0.0,0.0,0.0,0.0,0.0,0.0,0.0,0.0,0.0,319000.0,0.0,0.0,0.0,0.0,0.0,0.0,0.0,36200.0,0.0,0.0,0.0,0.0,0.0,0.0,0.0,0.0,0.0,0.0,0.0,0.0,0.0,9800.0,0.0,0.0,6110.0,561000.0,0.0,0.0,1710000.0,698000.0,0.0,0.0,0.0,0.0,0.0,0.0,0.0,0.0,0.0,0.0,0.0,3440000.0,22900000.0,0.0,0.0,0.0,0.0,0.0,0.0,0.0,2957310.0,0.0,13893800.0,25170000.0,141000.0,0.0,42162110.0
1978,0.0,0.0,0.0,249000.0,0.0,0.0,0.0,0.0,0.0,0.0,0.0,1080000.0,0.0,0.0,0.0,0.0,0.0,0.0,508000.0,0.0,0.0,2680000.0,0.0,0.0,0.0,0.0,0.0,0.0,0.0,0.0,0.0,0.0,0.0,0.0,0.0,0.0,0.0,0.0,0.0,0.0,0.0,281000.0,2620000.0,0.0,0.0,3770000.0,0.0,0.0,0.0,0.0,0.0,0.0,0.0,238000.0,0.0,0.0,0.0,0.0,0.0,381000.0,0.0,5100000.0,0.0,0.0,0.0,0.0,0.0,0.0,0.0,0.0,0.0,0.0,0.0,0.0,0.0,0.0,0.0,0.0,0.0,0.0,0.0,0.0,0.0,349000.0,0.0,0.0,0.0,0.0,0.0,0.0,0.0,19900.0,0.0,0.0,0.0,0.0,0.0,0.0,0.0,0.0,0.0,0.0,0.0,0.0,0.0,1630.0,0.0,0.0,200000.0,658000.0,0.0,0.0,2050000.0,722000.0,0.0,0.0,0.0,0.0,0.0,0.0,0.0,0.0,0.0,0.0,0.0,3200000.0,25200000.0,0.0,0.0,0.0,0.0,0.0,0.0,0.0,5557900.0,0.0,15620630.0,27880000.0,249000.0,0.0,49307530.0
1979,0.0,0.0,0.0,232000.0,0.0,0.0,0.0,0.0,0.0,0.0,0.0,981000.0,0.0,0.0,0.0,0.0,0.0,0.0,531000.0,0.0,0.0,3030000.0,0.0,0.0,0.0,0.0,0.0,0.0,0.0,0.0,0.0,0.0,0.0,0.0,0.0,0.0,0.0,0.0,0.0,0.0,0.0,580000.0,3440000.0,0.0,0.0,4480000.0,0.0,0.0,0.0,0.0,0.0,0.0,0.0,247000.0,0.0,0.0,0.0,0.0,0.0,226000.0,0.0,6050000.0,0.0,0.0,0.0,0.0,0.0,0.0,0.0,0.0,0.0,0.0,0.0,0.0,0.0,0.0,0.0,0.0,0.0,0.0,0.0,0.0,0.0,300000.0,0.0,0.0,0.0,0.0,0.0,0.0,0.0,9110.0,0.0,0.0,0.0,0.0,0.0,0.0,0.0,0.0,0.0,0.0,0.0,0.0,0.0,185000.0,0.0,0.0,271000.0,576000.0,0.0,0.0,1810000.0,1020000.0,0.0,0.0,0.0,0.0,0.0,0.0,0.0,0.0,0.0,0.0,0.0,3290000.0,23300000.0,0.0,0.0,0.0,0.0,0.0,0.0,0.0,6577110.0,0.0,17419000.0,26330000.0,232000.0,0.0,50558110.0
1980,0.0,0.0,0.0,201000.0,0.0,0.0,0.0,0.0,0.0,0.0,0.0,1080000.0,0.0,0.0,0.0,0.0,0.0,0.0,530000.0,0.0,0.0,3270000.0,0.0,0.0,0.0,0.0,0.0,0.0,0.0,0.0,0.0,0.0,0.0,0.0,0.0,0.0,0.0,0.0,0.0,0.0,0.0,604000.0,5270000.0,0.0,0.0,4780000.0,0.0,0.0,0.0,0.0,0.0,0.0,0.0,258000.0,0.0,0.0,0.0,0.0,0.0,190000.0,0.0,7100000.0,0.0,0.0,0.0,0.0,0.0,0.0,0.0,0.0,0.0,0.0,0.0,0.0,0.0,0.0,0.0,0.0,0.0,0.0,0.0,0.0,0.0,361000.0,0.0,0.0,0.0,0.0,0.0,0.0,0.0,172.0,0.0,0.0,0.0,0.0,0.0,0.0,0.0,0.0,0.0,0.0,0.0,0.0,0.0,389000.0,0.0,0.0,299000.0,446000.0,0.0,0.0,2280000.0,1230000.0,0.0,0.0,0.0,0.0,0.0,0.0,0.0,0.0,0.0,0.0,0.0,3180000.0,22900000.0,0.0,0.0,0.0,0.0,0.0,0.0,0.0,7657172.0,0.0,20340000.0,26170000.0,201000.0,0.0,54368172.0
1981,0.0,0.0,0.0,242000.0,0.0,0.0,0.0,0.0,0.0,0.0,0.0,1110000.0,0.0,0.0,0.0,0.0,0.0,0.0,784000.0,0.0,0.0,3450000.0,0.0,0.0,0.0,0.0,0.0,0.0,0.0,0.0,0.0,0.0,0.0,0.0,0.0,0.0,0.0,0.0,0.0,0.0,0.0,1260000.0,9060000.0,0.0,0.0,5640000.0,0.0,0.0,0.0,0.0,0.0,0.0,0.0,260000.0,0.0,0.0,0.0,0.0,0.0,233000.0,0.0,7550000.0,0.0,0.0,0.0,0.0,0.0,0.0,0.0,0.0,0.0,0.0,0.0,0.0,0.0,0.0,0.0,0.0,0.0,0.0,0.0,0.0,0.0,315000.0,0.0,0.0,0.0,0.0,0.0,0.0,0.0,12900.0,0.0,0.0,0.0,0.0,0.0,0.0,0.0,0.0,0.0,0.0,0.0,0.0,0.0,441000.0,0.0,0.0,249000.0,823000.0,0.0,0.0,3240000.0,1320000.0,0.0,0.0,0.0,0.0,0.0,0.0,0.0,0.0,0.0,0.0,0.0,3270000.0,24900000.0,0.0,0.0,0.0,0.0,0.0,0.0,0.0,8071900.0,0.0,27496000.0,28350000.0,242000.0,0.0,64159900.0
1982,0.0,0.0,0.0,161000.0,0.0,0.0,0.0,0.0,0.0,0.0,0.0,1350000.0,0.0,0.0,0.0,0.0,0.0,0.0,924000.0,0.0,0.0,3300000.0,0.0,0.0,0.0,0.0,0.0,0.0,0.0,0.0,0.0,0.0,0.0,0.0,0.0,0.0,0.0,0.0,0.0,0.0,0.0,1440000.0,9370000.0,0.0,0.0,6400000.0,0.0,0.0,0.0,0.0,0.0,0.0,0.0,174000.0,0.0,0.0,0.0,0.0,0.0,585000.0,0.0,8810000.0,0.0,0.0,0.0,0.0,0.0,0.0,0.0,0.0,0.0,0.0,0.0,0.0,0.0,0.0,0.0,0.0,0.0,0.0,0.0,0.0,0.0,335000.0,0.0,0.0,0.0,0.0,0.0,0.0,0.0,15700.0,0.0,0.0,0.0,0.0,0.0,0.0,0.0,0.0,0.0,0.0,0.0,0.0,0.0,502000.0,0.0,0.0,325000.0,754000.0,0.0,0.0,3360000.0,1300000.0,0.0,0.0,0.0,0.0,0.0,0.0,0.0,0.0,0.0,0.0,0.0,3780000.0,25800000.0,0.0,0.0,0.0,0.0,0.0,0.0,0.0,9324700.0,0.0,30100000.0,29100000.0,161000.0,0.0,68685700.0
1983,0.0,0.0,0.0,293000.0,0.0,0.0,0.0,0.0,0.0,0.0,0.0,2070000.0,0.0,0.0,0.0,0.0,0.0,0.0,1060000.0,0.0,0.0,4180000.0,0.0,0.0,0.0,0.0,0.0,0.0,0.0,0.0,0.0,0.0,17200.0,0.0,0.0,0.0,0.0,0.0,0.0,0.0,0.0,1520000.0,12400000.0,0.0,0.0,6710000.0,0.0,0.0,0.0,0.0,0.0,213000.0,0.0,305000.0,0.0,0.0,0.0,0.0,0.0,497000.0,0.0,9830000.0,0.0,0.0,0.0,0.0,0.0,0.0,0.0,0.0,0.0,0.0,0.0,0.0,0.0,0.0,0.0,0.0,0.0,0.0,0.0,0.0,0.0,309000.0,0.0,0.0,0.0,0.0,0.0,0.0,0.0,19600.0,0.0,0.0,0.0,0.0,0.0,0.0,0.0,0.0,0.0,0.0,0.0,0.0,0.0,529000.0,0.0,0.0,771000.0,917000.0,0.0,0.0,3530000.0,1350000.0,0.0,0.0,0.0,0.0,0.0,0.0,0.0,0.0,0.0,0.0,0.0,4290000.0,26800000.0,0.0,0.0,0.0,0.0,0.0,0.0,0.0,10925600.0,0.0,35412200.0,30980000.0,293000.0,0.0,77610800.0
1984,0.0,0.0,0.0,399000.0,0.0,0.0,0.0,0.0,0.0,0.0,0.0,2390000.0,0.0,0.0,0.0,0.0,141000.0,0.0,1100000.0,0.0,0.0,4490000.0,0.0,0.0,0.0,0.0,0.0,0.0,0.0,0.0,0.0,0.0,107000.0,0.0,0.0,0.0,0.0,0.0,0.0,0.0,0.0,1620000.0,16400000.0,0.0,0.0,8970000.0,0.0,0.0,0.0,0.0,0.0,324000.0,0.0,350000.0,0.0,0.0,0.0,0.0,0.0,592000.0,0.0,11500000.0,0.0,0.0,0.0,0.0,0.0,0.0,0.0,0.0,0.0,0.0,0.0,0.0,0.0,0.0,0.0,0.0,0.0,0.0,0.0,0.0,0.0,319000.0,0.0,0.0,0.0,0.0,0.0,0.0,0.0,27900.0,0.0,0.0,0.0,0.0,0.0,0.0,0.0,0.0,0.0,0.0,0.0,0.0,0.0,622000.0,0.0,338000.0,1010000.0,1990000.0,0.0,0.0,4380000.0,1590000.0,0.0,0.0,0.0,0.0,0.0,0.0,0.0,0.0,0.0,0.0,0.0,4640000.0,29900000.0,0.0,0.0,0.0,0.0,0.0,0.0,0.0,12887900.0,338000.0,45044000.0,34390000.0,540000.0,0.0,93199900.0
1985,0.0,0.0,0.0,496000.0,0.0,0.0,0.0,0.0,0.0,0.0,0.0,2980000.0,0.0,0.0,0.0,0.0,291000.0,0.0,1130000.0,0.0,0.0,5200000.0,0.0,0.0,0.0,0.0,0.0,0.0,0.0,0.0,0.0,0.0,206000.0,0.0,0.0,0.0,0.0,0.0,0.0,0.0,0.0,1640000.0,19300000.0,0.0,0.0,11900000.0,0.0,0.0,0.0,0.0,0.0,557000.0,0.0,428000.0,0.0,0.0,0.0,0.0,0.0,604000.0,0.0,13700000.0,0.0,0.0,0.0,0.0,0.0,0.0,0.0,0.0,0.0,0.0,0.0,0.0,0.0,0.0,0.0,0.0,0.0,0.0,0.0,0.0,0.0,335000.0,0.0,0.0,0.0,0.0,0.0,0.0,0.0,29800.0,0.0,0.0,0.0,0.0,0.0,0.0,0.0,0.0,0.0,0.0,0.0,0.0,0.0,807000.0,0.0,457000.0,1440000.0,2410000.0,0.0,0.0,5040000.0,1940000.0,0.0,0.0,0.0,0.0,0.0,0.0,0.0,0.0,0.0,0.0,0.0,5250000.0,35000000.0,0.0,0.0,0.0,0.0,0.0,0.0,0.0,15597800.0,457000.0,54099000.0,40200000.0,787000.0,0.0,111140800.0
1986,0.0,0.0,0.0,491000.0,0.0,0.0,0.0,0.0,0.0,0.0,0.0,3390000.0,0.0,0.0,0.0,0.0,12400.0,0.0,1040000.0,0.0,0.0,6130000.0,0.0,0.0,0.0,0.0,0.0,0.0,0.0,0.0,0.0,0.0,529000.0,0.0,0.0,0.0,0.0,0.0,0.0,0.0,0.0,1640000.0,21900000.0,0.0,0.0,11200000.0,0.0,0.0,0.0,0.0,0.0,638000.0,0.0,432000.0,0.0,0.0,0.0,0.0,0.0,753000.0,0.0,14500000.0,0.0,0.0,0.0,0.0,0.0,0.0,0.0,0.0,0.0,0.0,0.0,0.0,0.0,0.0,0.0,0.0,0.0,0.0,0.0,0.0,0.0,363000.0,0.0,0.0,0.0,0.0,0.0,0.0,0.0,37000.0,0.0,0.0,0.0,0.0,0.0,0.0,0.0,0.0,0.0,0.0,0.0,0.0,0.0,1010000.0,0.0,757000.0,2430000.0,3220000.0,0.0,0.0,6020000.0,1940000.0,0.0,0.0,0.0,0.0,0.0,0.0,0.0,0.0,0.0,0.0,0.0,5080000.0,37700000.0,0.0,0.0,0.0,0.0,0.0,0.0,0.0,17399000.0,757000.0,58723000.0,43830000.0,503400.0,0.0,121212400.0
1987,0.0,0.0,0.0,556000.0,0.0,0.0,0.0,0.0,0.0,0.0,0.0,3610000.0,0.0,0.0,0.0,0.0,83700.0,0.0,1070000.0,0.0,0.0,6640000.0,0.0,0.0,0.0,0.0,0.0,0.0,0.0,0.0,0.0,0.0,920000.0,0.0,0.0,0.0,0.0,0.0,0.0,0.0,0.0,1690000.0,22800000.0,0.0,0.0,12200000.0,0.0,0.0,0.0,0.0,0.0,945000.0,0.0,433000.0,0.0,0.0,0.0,0.0,0.0,15000.0,0.0,16100000.0,0.0,0.0,0.0,0.0,0.0,0.0,0.0,0.0,0.0,0.0,0.0,0.0,0.0,0.0,0.0,0.0,0.0,0.0,0.0,0.0,0.0,306000.0,0.0,0.0,0.0,0.0,0.0,0.0,0.0,43200.0,0.0,0.0,0.0,0.0,0.0,0.0,0.0,0.0,0.0,0.0,0.0,0.0,0.0,990000.0,0.0,530000.0,3380000.0,3550000.0,0.0,0.0,5790000.0,1980000.0,0.0,0.0,0.0,0.0,0.0,0.0,0.0,0.0,0.0,0.0,0.0,4750000.0,41500000.0,0.0,0.0,0.0,0.0,0.0,0.0,0.0,19956200.0,530000.0,60616000.0,48140000.0,639700.0,0.0,129881900.0
1988,0.0,0.0,0.0,499000.0,0.0,0.0,0.0,0.0,0.0,0.0,0.0,3710000.0,0.0,0.0,0.0,0.0,52300.0,0.0,1380000.0,0.0,0.0,7130000.0,0.0,0.0,0.0,0.0,0.0,0.0,0.0,0.0,0.0,0.0,1020000.0,0.0,0.0,0.0,0.0,0.0,0.0,0.0,0.0,1680000.0,23700000.0,0.0,0.0,13500000.0,0.0,0.0,0.0,0.0,0.0,1160000.0,0.0,500000.0,0.0,0.0,0.0,0.0,0.0,0.0,0.0,15400000.0,0.0,0.0,0.0,0.0,0.0,0.0,0.0,0.0,0.0,0.0,0.0,0.0,0.0,0.0,0.0,0.0,0.0,0.0,0.0,0.0,0.0,316000.0,0.0,0.0,0.0,0.0,0.0,0.0,0.0,21800.0,0.0,0.0,0.0,0.0,0.0,0.0,0.0,0.0,0.0,0.0,0.0,0.0,0.0,987000.0,0.0,902000.0,3450000.0,4340000.0,0.0,0.0,5970000.0,1960000.0,0.0,0.0,0.0,0.0,0.0,0.0,0.0,0.0,0.0,0.0,0.0,5460000.0,48000000.0,0.0,0.0,0.0,0.0,0.0,0.0,0.0,19371800.0,902000.0,65183000.0,55130000.0,551300.0,0.0,141138100.0
1989,0.0,0.0,0.0,433000.0,0.0,0.0,0.0,0.0,0.0,0.0,0.0,3540000.0,0.0,0.0,0.0,0.0,157000.0,0.0,1250000.0,0.0,0.0,6870000.0,0.0,0.0,0.0,0.0,0.0,0.0,0.0,0.0,0.0,0.0,1070000.0,0.0,0.0,0.0,0.0,0.0,0.0,0.0,0.0,1640000.0,26100000.0,0.0,0.0,13900000.0,0.0,0.0,0.0,0.0,0.0,1190000.0,0.0,398000.0,0.0,0.0,0.0,0.0,0.0,0.0,0.0,15700000.0,0.0,0.0,0.0,0.0,0.0,0.0,0.0,0.0,0.0,0.0,0.0,0.0,32000.0,0.0,0.0,0.0,0.0,0.0,0.0,0.0,0.0,346000.0,0.0,0.0,0.0,0.0,0.0,0.0,0.0,2580.0,0.0,0.0,0.0,0.0,0.0,0.0,0.0,0.0,0.0,0.0,0.0,0.0,0.0,1050000.0,0.0,954000.0,4070000.0,4830000.0,0.0,0.0,5640000.0,1960000.0,0.0,0.0,0.0,0.0,0.0,0.0,0.0,0.0,0.0,0.0,0.0,6170000.0,48300000.0,0.0,0.0,0.0,0.0,0.0,0.0,0.0,20170580.0,954000.0,68686000.0,55202000.0,590000.0,0.0,145602580.0
1990,0.0,0.0,0.0,626000.0,0.0,0.0,0.0,0.0,0.0,0.0,0.0,3670000.0,0.0,0.0,0.0,0.0,192000.0,0.0,1260000.0,0.0,0.0,6270000.0,0.0,0.0,0.0,0.0,0.0,0.0,0.0,0.0,0.0,0.0,1080000.0,0.0,0.0,0.0,0.0,0.0,0.0,0.0,0.0,1650000.0,27000000.0,0.0,0.0,13100000.0,0.0,0.0,0.0,0.0,0.0,1180000.0,0.0,528000.0,0.0,0.0,0.0,0.0,0.0,0.0,0.0,17400000.0,0.0,0.0,0.0,0.0,0.0,0.0,0.0,0.0,1470000.0,0.0,0.0,0.0,253000.0,0.0,0.0,0.0,0.0,0.0,0.0,0.0,0.0,301000.0,0.0,0.0,0.0,0.0,0.0,0.0,0.0,25200.0,0.0,0.0,0.0,0.0,0.0,0.0,0.0,0.0,10200000.0,0.0,0.0,0.0,0.0,1040000.0,397000.0,727000.0,4550000.0,4670000.0,0.0,0.0,5860000.0,2030000.0,0.0,0.0,0.0,0.0,0.0,0.0,0.0,0.0,0.0,6550000.0,0.0,5650000.0,52600000.0,0.0,0.0,0.0,0.0,0.0,0.0,0.0,22503200.0,727000.0,87108000.0,59123000.0,818000.0,0.0,170279200.0
1991,0.0,0.0,0.0,667000.0,0.0,0.0,0.0,0.0,0.0,0.0,0.0,3690000.0,0.0,0.0,0.0,0.0,124000.0,0.0,1130000.0,0.0,0.0,7300000.0,0.0,0.0,0.0,0.0,0.0,0.0,0.0,0.0,0.0,0.0,1040000.0,0.0,0.0,0.0,0.0,0.0,0.0,0.0,0.0,1680000.0,28500000.0,0.0,0.0,12700000.0,0.0,0.0,0.0,0.0,0.0,1180000.0,0.0,475000.0,0.0,0.0,0.0,0.0,0.0,0.0,0.0,18400000.0,0.0,0.0,0.0,0.0,0.0,0.0,0.0,0.0,1460000.0,0.0,0.0,0.0,365000.0,0.0,0.0,0.0,0.0,0.0,0.0,0.0,0.0,286000.0,0.0,0.0,0.0,0.0,0.0,0.0,0.0,33100.0,0.0,0.0,0.0,0.0,0.0,0.0,0.0,0.0,10300000.0,0.0,0.0,0.0,0.0,1010000.0,426000.0,786000.0,4840000.0,4780000.0,0.0,0.0,6600000.0,1970000.0,0.0,0.0,0.0,0.0,0.0,0.0,0.0,0.0,0.0,6460000.0,0.0,6070000.0,55800000.0,0.0,0.0,0.0,0.0,0.0,0.0,0.0,23748100.0,786000.0,89282000.0,63465000.0,791000.0,0.0,178072100.0
1992,0.0,0.0,0.0,609000.0,0.0,0.0,0.0,0.0,0.0,0.0,0.0,3740000.0,0.0,0.0,0.0,0.0,151000.0,0.0,993000.0,0.0,0.0,6930000.0,0.0,0.0,0.0,0.0,0.0,0.0,0.0,0.0,0.0,0.0,1050000.0,0.0,0.0,0.0,0.0,0.0,0.0,0.0,0.0,1660000.0,29100000.0,0.0,0.0,13700000.0,0.0,0.0,0.0,0.0,0.0,1200000.0,0.0,578000.0,0.0,0.0,0.0,0.0,0.0,0.0,0.0,19200000.0,0.0,0.0,0.0,0.0,0.0,0.0,0.0,0.0,1260000.0,0.0,0.0,0.0,337000.0,0.0,0.0,0.0,0.0,0.0,0.0,0.0,0.0,327000.0,0.0,0.0,0.0,0.0,0.0,0.0,0.0,50000.0,0.0,0.0,0.0,0.0,0.0,0.0,0.0,0.0,10300000.0,0.0,0.0,0.0,0.0,950000.0,341000.0,799000.0,4860000.0,4800000.0,0.0,0.0,5460000.0,2020000.0,0.0,0.0,0.0,0.0,0.0,0.0,0.0,0.0,0.0,6340000.0,0.0,6600000.0,56400000.0,0.0,0.0,0.0,0.0,0.0,0.0,0.0,24688000.0,799000.0,89841000.0,63667000.0,760000.0,0.0,179755000.0
1993,0.0,0.0,0.0,666000.0,0.0,0.0,0.0,0.0,0.0,0.0,0.0,3610000.0,0.0,0.0,0.0,0.0,38000.0,0.0,1200000.0,0.0,0.0,8080000.0,0.0,138000.0,0.0,0.0,0.0,0.0,0.0,0.0,0.0,0.0,1090000.0,0.0,0.0,0.0,0.0,0.0,0.0,0.0,0.0,1710000.0,31700000.0,0.0,0.0,13200000.0,0.0,0.0,0.0,0.0,0.0,1190000.0,0.0,464000.0,0.0,0.0,0.0,0.0,0.0,0.0,0.0,21400000.0,0.0,0.0,0.0,0.0,0.0,0.0,0.0,0.0,1050000.0,0.0,0.0,0.0,424000.0,0.0,0.0,0.0,0.0,0.0,0.0,0.0,0.0,340000.0,0.0,0.0,0.0,0.0,0.0,0.0,0.0,42700.0,0.0,0.0,0.0,0.0,0.0,0.0,0.0,0.0,10300000.0,0.0,0.0,0.0,0.0,988000.0,340000.0,624000.0,5000000.0,4820000.0,0.0,0.0,5280000.0,2010000.0,0.0,0.0,0.0,0.0,0.0,0.0,0.0,0.0,0.0,6470000.0,0.0,7680000.0,55600000.0,0.0,0.0,0.0,0.0,0.0,0.0,0.0,27044700.0,624000.0,92978000.0,64104000.0,704000.0,0.0,185454700.0
1994,0.0,0.0,0.0,708000.0,0.0,0.0,0.0,0.0,0.0,0.0,0.0,3490000.0,0.0,0.0,0.0,0.0,4730.0,0.0,1320000.0,0.0,0.0,9270000.0,0.0,1270000.0,0.0,0.0,0.0,0.0,0.0,0.0,0.0,0.0,1120000.0,0.0,0.0,0.0,0.0,0.0,0.0,0.0,0.0,1670000.0,31000000.0,0.0,0.0,13000000.0,0.0,0.0,0.0,0.0,0.0,1210000.0,0.0,486000.0,0.0,0.0,0.0,0.0,0.0,0.0,0.0,23100000.0,0.0,0.0,0.0,0.0,0.0,0.0,0.0,0.0,663000.0,0.0,0.0,0.0,365000.0,0.0,0.0,0.0,0.0,0.0,0.0,0.0,0.0,341000.0,0.0,0.0,0.0,0.0,0.0,0.0,0.0,43900.0,0.0,0.0,0.0,0.0,0.0,0.0,0.0,0.0,8410000.0,0.0,0.0,0.0,0.0,1080000.0,396000.0,834000.0,5040000.0,4760000.0,0.0,0.0,6290000.0,2100000.0,0.0,0.0,0.0,0.0,0.0,0.0,0.0,0.0,0.0,5920000.0,0.0,7590000.0,58400000.0,0.0,0.0,0.0,0.0,0.0,0.0,0.0,29939900.0,834000.0,90360000.0,68035000.0,712730.0,0.0,189881630.0
1995,0.0,0.0,0.0,608000.0,26100.0,0.0,0.0,0.0,0.0,0.0,0.0,3560000.0,0.0,0.0,0.0,0.0,217000.0,0.0,1480000.0,0.0,0.0,8410000.0,0.0,1100000.0,0.0,0.0,0.0,0.0,0.0,0.0,0.0,0.0,1050000.0,0.0,0.0,0.0,0.0,0.0,0.0,0.0,0.0,1650000.0,32400000.0,0.0,0.0,13200000.0,0.0,0.0,0.0,0.0,0.0,1210000.0,0.0,686000.0,0.0,0.0,0.0,0.0,0.0,0.0,0.0,25000000.0,0.0,0.0,0.0,0.0,0.0,0.0,0.0,0.0,1020000.0,0.0,0.0,0.0,726000.0,0.0,0.0,0.0,0.0,0.0,0.0,0.0,0.0,346000.0,0.0,0.0,0.0,0.0,0.0,0.0,0.0,41500.0,0.0,0.0,0.0,0.0,0.0,0.0,0.0,0.0,8560000.0,0.0,0.0,0.0,0.0,983000.0,411000.0,972000.0,5760000.0,4770000.0,0.0,0.0,6010000.0,2140000.0,0.0,0.0,0.0,0.0,0.0,0.0,0.0,0.0,0.0,6060000.0,0.0,7650000.0,61400000.0,0.0,0.0,0.0,0.0,0.0,0.0,0.0,32587500.0,972000.0,92526100.0,70536000.0,825000.0,0.0,197446600.0
1996,0.0,0.0,0.0,641000.0,200000.0,0.0,0.0,0.0,0.0,0.0,0.0,3730000.0,0.0,0.0,0.0,0.0,209000.0,0.0,1560000.0,0.0,0.0,7980000.0,0.0,1230000.0,0.0,0.0,0.0,0.0,0.0,0.0,0.0,0.0,1110000.0,0.0,0.0,0.0,0.0,0.0,0.0,0.0,0.0,1680000.0,34200000.0,0.0,0.0,13800000.0,0.0,0.0,0.0,0.0,0.0,1220000.0,0.0,780000.0,0.0,0.0,0.0,0.0,0.0,0.0,0.0,26000000.0,0.0,0.0,0.0,0.0,0.0,0.0,0.0,0.0,1200000.0,0.0,0.0,0.0,677000.0,0.0,0.0,0.0,0.0,0.0,0.0,0.0,0.0,358000.0,0.0,0.0,0.0,0.0,0.0,0.0,0.0,29800.0,0.0,0.0,0.0,0.0,0.0,0.0,0.0,119000.0,9380000.0,0.0,0.0,0.0,0.0,967000.0,400000.0,1010000.0,6360000.0,4840000.0,0.0,0.0,6390000.0,2160000.0,0.0,0.0,0.0,0.0,0.0,0.0,0.0,0.0,0.0,6840000.0,0.0,8140000.0,61500000.0,0.0,0.0,0.0,0.0,0.0,0.0,0.0,34399800.0,1010000.0,98294000.0,70157000.0,850000.0,0.0,204710800.0
1997,0.0,0.0,0.0,685000.0,138000.0,0.0,0.0,0.0,0.0,0.0,0.0,4080000.0,0.0,0.0,0.0,0.0,273000.0,0.0,1530000.0,0.0,0.0,7100000.0,0.0,1240000.0,0.0,0.0,0.0,0.0,0.0,0.0,0.0,0.0,1070000.0,0.0,0.0,0.0,0.0,0.0,0.0,0.0,0.0,1800000.0,34000000.0,0.0,0.0,14700000.0,0.0,0.0,0.0,0.0,0.0,1200000.0,0.0,867000.0,0.0,0.0,0.0,0.0,0.0,0.0,0.0,27400000.0,0.0,0.0,0.0,0.0,0.0,0.0,0.0,0.0,1030000.0,0.0,0.0,0.0,899000.0,0.0,0.0,0.0,0.0,0.0,0.0,0.0,0.0,207000.0,0.0,0.0,0.0,0.0,0.0,0.0,0.0,32200.0,0.0,0.0,0.0,0.0,0.0,0.0,0.0,464000.0,9330000.0,0.0,0.0,0.0,0.0,952000.0,432000.0,1090000.0,6630000.0,4760000.0,0.0,0.0,6010000.0,2190000.0,0.0,0.0,0.0,0.0,0.0,0.0,0.0,0.0,0.0,6830000.0,0.0,8440000.0,57300000.0,0.0,0.0,0.0,0.0,0.0,0.0,0.0,36169200.0,1090000.0,99163000.0,65299000.0,958000.0,0.0,202679200.0
1998,0.0,0.0,0.0,641000.0,137000.0,0.0,0.0,0.0,0.0,0.0,0.0,3970000.0,0.0,0.0,0.0,0.0,281000.0,0.0,1450000.0,0.0,0.0,6150000.0,0.0,1210000.0,0.0,0.0,0.0,0.0,0.0,0.0,0.0,0.0,1130000.0,0.0,0.0,0.0,0.0,0.0,0.0,0.0,0.0,1880000.0,33400000.0,0.0,0.0,13900000.0,0.0,0.0,0.0,0.0,0.0,1200000.0,0.0,1030000.0,0.0,0.0,0.0,0.0,0.0,0.0,0.0,28600000.0,0.0,0.0,0.0,0.0,0.0,0.0,0.0,0.0,1170000.0,0.0,0.0,0.0,797000.0,0.0,0.0,0.0,0.0,0.0,0.0,0.0,0.0,328000.0,0.0,0.0,0.0,0.0,0.0,0.0,0.0,24400.0,0.0,0.0,0.0,0.0,0.0,0.0,0.0,456000.0,9060000.0,0.0,0.0,0.0,0.0,980000.0,434000.0,1170000.0,7710000.0,5070000.0,0.0,0.0,6330000.0,2220000.0,0.0,0.0,0.0,0.0,0.0,0.0,0.0,0.0,0.0,6470000.0,0.0,8550000.0,61400000.0,0.0,0.0,0.0,0.0,0.0,0.0,0.0,38574400.0,1170000.0,98135000.0,68347000.0,922000.0,0.0,207148400.0
1999,0.0,0.0,0.0,611000.0,179000.0,0.0,0.0,0.0,0.0,0.0,0.0,4220000.0,0.0,0.0,0.0,0.0,342000.0,0.0,1360000.0,0.0,0.0,6320000.0,0.0,1290000.0,0.0,0.0,0.0,0.0,0.0,0.0,0.0,0.0,1150000.0,0.0,0.0,0.0,0.0,0.0,0.0,0.0,0.0,1980000.0,33900000.0,0.0,0.0,14600000.0,0.0,0.0,0.0,0.0,0.0,1210000.0,0.0,1140000.0,0.0,0.0,0.0,0.0,0.0,0.0,0.0,27200000.0,0.0,0.0,0.0,0.0,0.0,0.0,0.0,0.0,848000.0,0.0,0.0,0.0,860000.0,0.0,0.0,0.0,0.0,0.0,0.0,0.0,0.0,330000.0,0.0,0.0,0.0,0.0,0.0,0.0,0.0,34300.0,0.0,0.0,0.0,0.0,0.0,0.0,0.0,447000.0,10500000.0,0.0,0.0,0.0,0.0,1130000.0,404000.0,1100000.0,8860000.0,5060000.0,0.0,0.0,6290000.0,2220000.0,0.0,0.0,0.0,0.0,0.0,0.0,0.0,0.0,0.0,6200000.0,0.0,8180000.0,66400000.0,0.0,0.0,0.0,0.0,0.0,0.0,0.0,38524300.0,1100000.0,100208000.0,73580000.0,953000.0,0.0,214365300.0
2000,0.0,0.0,0.0,531000.0,172000.0,0.0,0.0,0.0,0.0,0.0,0.0,4140000.0,0.0,0.0,0.0,0.0,520000.0,0.0,1560000.0,0.0,0.0,6260000.0,0.0,1440000.0,0.0,0.0,0.0,0.0,0.0,0.0,0.0,0.0,1170000.0,0.0,0.0,0.0,0.0,0.0,0.0,0.0,0.0,1930000.0,35700000.0,0.0,0.0,14600000.0,0.0,0.0,0.0,0.0,0.0,1220000.0,0.0,1450000.0,0.0,0.0,0.0,0.0,0.0,0.0,0.0,27700000.0,0.0,0.0,0.0,0.0,0.0,0.0,0.0,0.0,724000.0,0.0,0.0,0.0,707000.0,0.0,0.0,0.0,0.0,0.0,0.0,0.0,0.0,338000.0,0.0,0.0,0.0,0.0,0.0,0.0,0.0,172000.0,0.0,0.0,0.0,0.0,0.0,0.0,0.0,469000.0,11200000.0,0.0,0.0,0.0,0.0,1420000.0,409000.0,1120000.0,9370000.0,5350000.0,0.0,0.0,4930000.0,2270000.0,0.0,0.0,0.0,0.0,0.0,0.0,0.0,0.0,0.0,6650000.0,0.0,7310000.0,68600000.0,0.0,0.0,0.0,0.0,0.0,0.0,0.0,40132000.0,1120000.0,101562000.0,75567000.0,1051000.0,0.0,219432000.0
2001,0.0,0.0,0.0,607000.0,171000.0,0.0,0.0,0.0,0.0,0.0,0.0,3990000.0,0.0,0.0,0.0,0.0,1230000.0,0.0,1680000.0,0.0,0.0,6600000.0,0.0,1500000.0,0.0,0.0,0.0,0.0,0.0,0.0,0.0,0.0,1270000.0,0.0,0.0,0.0,0.0,0.0,0.0,0.0,0.0,1960000.0,36200000.0,0.0,0.0,14700000.0,0.0,0.0,0.0,0.0,0.0,1220000.0,0.0,1680000.0,0.0,0.0,0.0,0.0,0.0,0.0,0.0,27500000.0,0.0,0.0,0.0,0.0,0.0,0.0,0.0,0.0,977000.0,0.0,0.0,0.0,750000.0,0.0,0.0,0.0,0.0,0.0,0.0,0.0,0.0,342000.0,0.0,0.0,0.0,0.0,0.0,0.0,0.0,197000.0,0.0,0.0,0.0,0.0,0.0,0.0,0.0,468000.0,11800000.0,0.0,0.0,0.0,0.0,1470000.0,452000.0,922000.0,9640000.0,5480000.0,0.0,0.0,6200000.0,2310000.0,0.0,0.0,0.0,0.0,0.0,0.0,0.0,0.0,0.0,6550000.0,0.0,7750000.0,68200000.0,0.0,0.0,0.0,0.0,0.0,0.0,0.0,40517000.0,922000.0,104990000.0,75550000.0,1837000.0,0.0,223816000.0
2002,0.0,0.0,0.0,501000.0,196000.0,0.0,0.0,0.0,0.0,0.0,0.0,4070000.0,0.0,0.0,0.0,0.0,1190000.0,0.0,1740000.0,0.0,0.0,6490000.0,0.0,2160000.0,0.0,0.0,0.0,0.0,0.0,0.0,0.0,0.0,1610000.0,0.0,0.0,0.0,0.0,0.0,0.0,0.0,0.0,1920000.0,37600000.0,0.0,0.0,14200000.0,0.0,0.0,0.0,0.0,0.0,1200000.0,0.0,1670000.0,0.0,0.0,0.0,0.0,0.0,0.0,0.0,25400000.0,0.0,0.0,0.0,0.0,0.0,0.0,0.0,0.0,1220000.0,0.0,0.0,0.0,838000.0,0.0,0.0,0.0,0.0,0.0,0.0,0.0,0.0,337000.0,0.0,0.0,0.0,0.0,0.0,0.0,0.0,150000.0,0.0,0.0,0.0,0.0,0.0,0.0,0.0,474000.0,12200000.0,0.0,0.0,0.0,0.0,1540000.0,475000.0,1030000.0,10200000.0,5420000.0,0.0,0.0,5860000.0,2340000.0,0.0,0.0,0.0,0.0,0.0,0.0,0.0,0.0,0.0,6710000.0,0.0,7550000.0,69200000.0,0.0,0.0,0.0,0.0,0.0,0.0,0.0,39580000.0,1030000.0,106662000.0,76528000.0,1691000.0,0.0,225491000.0
2003,0.0,0.0,0.0,651000.0,172000.0,0.0,0.0,0.0,0.0,0.0,0.0,4070000.0,0.0,0.0,0.0,0.0,1150000.0,0.0,1490000.0,0.0,0.0,6440000.0,0.0,3730000.0,0.0,0.0,0.0,0.0,0.0,0.0,0.0,0.0,2230000.0,0.0,0.0,0.0,0.0,0.0,0.0,0.0,0.0,1960000.0,37900000.0,0.0,0.0,14200000.0,0.0,0.0,0.0,0.0,0.0,947000.0,0.0,1530000.0,0.0,0.0,0.0,0.0,0.0,0.0,0.0,20600000.0,0.0,0.0,0.0,0.0,0.0,0.0,0.0,0.0,1330000.0,0.0,0.0,0.0,903000.0,0.0,0.0,0.0,0.0,0.0,0.0,0.0,0.0,346000.0,0.0,0.0,0.0,0.0,0.0,0.0,0.0,151000.0,0.0,0.0,0.0,0.0,0.0,0.0,0.0,422000.0,12900000.0,0.0,0.0,0.0,0.0,1540000.0,448000.0,1090000.0,11200000.0,5320000.0,0.0,0.0,5800000.0,2360000.0,0.0,0.0,0.0,0.0,0.0,0.0,0.0,0.0,0.0,7000000.0,0.0,7630000.0,67700000.0,0.0,0.0,0.0,0.0,0.0,0.0,0.0,37211000.0,1090000.0,108065000.0,75043000.0,1801000.0,0.0,223210000.0
2004,0.0,0.0,0.0,677000.0,189000.0,0.0,0.0,0.0,0.0,0.0,0.0,4070000.0,0.0,0.0,0.0,0.0,998000.0,0.0,1450000.0,0.0,0.0,7770000.0,0.0,4340000.0,0.0,0.0,0.0,0.0,0.0,0.0,0.0,0.0,2260000.0,0.0,0.0,0.0,0.0,0.0,0.0,0.0,0.0,1950000.0,38500000.0,0.0,0.0,14400000.0,0.0,0.0,0.0,0.0,0.0,1030000.0,0.0,1460000.0,0.0,0.0,0.0,0.0,0.0,0.0,0.0,24300000.0,0.0,0.0,0.0,0.0,0.0,0.0,0.0,0.0,1300000.0,0.0,0.0,0.0,791000.0,0.0,0.0,0.0,0.0,0.0,0.0,0.0,0.0,329000.0,0.0,0.0,0.0,0.0,0.0,0.0,0.0,240000.0,0.0,0.0,0.0,0.0,0.0,0.0,0.0,477000.0,12400000.0,0.0,0.0,0.0,0.0,1460000.0,469000.0,1150000.0,11200000.0,5470000.0,0.0,0.0,6660000.0,2320000.0,0.0,0.0,0.0,0.0,0.0,0.0,0.0,0.0,0.0,7480000.0,0.0,6880000.0,69900000.0,0.0,0.0,0.0,0.0,0.0,0.0,0.0,41540000.0,1150000.0,109094000.0,78461000.0,1675000.0,0.0,231920000.0
2005,0.0,0.0,0.0,591000.0,234000.0,0.0,0.0,0.0,0.0,0.0,0.0,4090000.0,0.0,0.0,0.0,0.0,847000.0,0.0,1600000.0,0.0,0.0,7910000.0,0.0,4570000.0,0.0,0.0,0.0,0.0,0.0,0.0,0.0,0.0,2130000.0,0.0,0.0,0.0,0.0,0.0,0.0,0.0,0.0,2000000.0,38800000.0,0.0,0.0,14000000.0,0.0,0.0,0.0,0.0,0.0,1190000.0,0.0,1490000.0,0.0,0.0,0.0,0.0,0.0,0.0,0.0,26200000.0,0.0,0.0,0.0,0.0,0.0,0.0,0.0,0.0,889000.0,0.0,0.0,0.0,929000.0,0.0,0.0,0.0,0.0,0.0,0.0,0.0,0.0,344000.0,0.0,0.0,0.0,0.0,0.0,0.0,0.0,214000.0,0.0,0.0,0.0,0.0,0.0,0.0,0.0,478000.0,12900000.0,0.0,0.0,0.0,0.0,1520000.0,506000.0,971000.0,12600000.0,4950000.0,0.0,0.0,6220000.0,2010000.0,0.0,0.0,0.0,0.0,0.0,0.0,0.0,0.0,0.0,7630000.0,0.0,7020000.0,69700000.0,0.0,0.0,0.0,0.0,0.0,0.0,0.0,45074000.0,971000.0,108511000.0,78539000.0,1438000.0,0.0,234533000.0
2006,0.0,0.0,0.0,661000.0,227000.0,0.0,0.0,0.0,0.0,0.0,0.0,4010000.0,0.0,0.0,0.0,0.0,1180000.0,0.0,1680000.0,0.0,0.0,8420000.0,0.0,4720000.0,0.0,0.0,0.0,0.0,0.0,0.0,0.0,0.0,2240000.0,0.0,0.0,0.0,0.0,0.0,0.0,0.0,0.0,1970000.0,38700000.0,0.0,0.0,14400000.0,0.0,0.0,0.0,0.0,0.0,1160000.0,0.0,1620000.0,0.0,0.0,0.0,0.0,0.0,0.0,0.0,26100000.0,0.0,0.0,0.0,0.0,0.0,0.0,0.0,0.0,744000.0,0.0,0.0,0.0,934000.0,0.0,0.0,0.0,0.0,0.0,0.0,0.0,0.0,298000.0,0.0,0.0,0.0,0.0,0.0,0.0,0.0,197000.0,0.0,0.0,0.0,0.0,0.0,0.0,0.0,484000.0,13500000.0,0.0,0.0,0.0,0.0,1550000.0,477000.0,862000.0,12800000.0,5170000.0,0.0,0.0,5760000.0,2390000.0,0.0,0.0,0.0,0.0,0.0,0.0,0.0,0.0,0.0,7760000.0,0.0,6490000.0,70200000.0,0.0,0.0,0.0,0.0,0.0,0.0,0.0,45437000.0,862000.0,109010000.0,79554000.0,1841000.0,0.0,236704000.0
2007,0.0,0.0,0.0,621000.0,220000.0,0.0,0.0,0.0,0.0,0.0,0.0,4150000.0,0.0,0.0,0.0,0.0,1060000.0,0.0,1260000.0,0.0,0.0,8040000.0,0.0,5340000.0,0.0,0.0,0.0,0.0,0.0,0.0,0.0,0.0,2250000.0,0.0,0.0,0.0,0.0,0.0,0.0,0.0,0.0,2010000.0,37800000.0,0.0,0.0,12100000.0,0.0,0.0,0.0,0.0,0.0,1260000.0,0.0,1460000.0,0.0,0.0,0.0,0.0,0.0,0.0,0.0,22700000.0,0.0,0.0,0.0,0.0,0.0,0.0,0.0,0.0,846000.0,0.0,0.0,0.0,896000.0,0.0,0.0,0.0,0.0,0.0,0.0,0.0,0.0,361000.0,0.0,0.0,0.0,0.0,0.0,0.0,0.0,265000.0,0.0,0.0,0.0,0.0,0.0,0.0,0.0,663000.0,13800000.0,0.0,0.0,0.0,0.0,1320000.0,490000.0,973000.0,12300000.0,4740000.0,0.0,0.0,5760000.0,2400000.0,0.0,0.0,0.0,0.0,0.0,0.0,0.0,0.0,0.0,7960000.0,0.0,5420000.0,71900000.0,0.0,0.0,0.0,0.0,0.0,0.0,0.0,42065000.0,973000.0,104810000.0,80836000.0,1681000.0,0.0,230365000.0
2008,0.0,0.0,0.0,630000.0,212000.0,0.0,0.0,0.0,0.0,0.0,0.0,3920000.0,0.0,0.0,0.0,0.0,1200000.0,0.0,1360000.0,0.0,0.0,8080000.0,0.0,5880000.0,0.0,0.0,0.0,0.0,0.0,0.0,0.0,0.0,2280000.0,0.0,0.0,0.0,0.0,0.0,0.0,0.0,0.0,1970000.0,37800000.0,0.0,0.0,12800000.0,0.0,0.0,0.0,0.0,0.0,1270000.0,0.0,1280000.0,0.0,0.0,0.0,0.0,0.0,0.0,0.0,22200000.0,0.0,0.0,0.0,0.0,0.0,0.0,0.0,0.0,851000.0,0.0,0.0,0.0,843000.0,0.0,0.0,0.0,0.0,0.0,0.0,0.0,0.0,359000.0,0.0,0.0,0.0,0.0,0.0,0.0,0.0,139000.0,0.0,0.0,0.0,0.0,0.0,0.0,0.0,965000.0,14000000.0,0.0,0.0,0.0,0.0,1440000.0,539000.0,1120000.0,13000000.0,5070000.0,0.0,0.0,5490000.0,2380000.0,0.0,0.0,0.0,0.0,0.0,0.0,0.0,0.0,0.0,7730000.0,0.0,4510000.0,72000000.0,0.0,0.0,0.0,0.0,0.0,0.0,0.0,42499000.0,1120000.0,104946000.0,80923000.0,1830000.0,0.0,231318000.0
2009,0.0,0.0,0.0,702000.0,214000.0,0.0,0.0,0.0,0.0,0.0,0.0,4060000.0,0.0,0.0,0.0,0.0,1110000.0,0.0,1310000.0,0.0,0.0,7750000.0,0.0,6030000.0,0.0,0.0,0.0,0.0,0.0,0.0,0.0,0.0,2340000.0,0.0,0.0,0.0,0.0,0.0,0.0,0.0,0.0,2020000.0,35200000.0,0.0,0.0,11600000.0,0.0,0.0,0.0,0.0,0.0,1330000.0,0.0,1600000.0,0.0,0.0,0.0,0.0,0.0,0.0,0.0,24100000.0,0.0,0.0,0.0,0.0,0.0,0.0,0.0,0.0,933000.0,0.0,0.0,0.0,903000.0,0.0,0.0,0.0,0.0,0.0,0.0,0.0,0.0,364000.0,0.0,0.0,0.0,0.0,0.0,0.0,0.0,249000.0,0.0,0.0,0.0,0.0,0.0,0.0,0.0,1010000.0,14100000.0,0.0,0.0,0.0,0.0,1210000.0,494000.0,1100000.0,12700000.0,4540000.0,0.0,0.0,4490000.0,2380000.0,0.0,0.0,0.0,0.0,0.0,0.0,0.0,0.0,0.0,7130000.0,0.0,5940000.0,71400000.0,0.0,0.0,0.0,0.0,0.0,0.0,0.0,44679000.0,1100000.0,100665000.0,80053000.0,1812000.0,0.0,228309000.0
2010,0.0,0.0,0.0,617000.0,214000.0,0.0,0.0,0.0,0.0,0.0,0.0,4120000.0,0.0,0.0,0.0,0.0,1250000.0,0.0,1310000.0,0.0,0.0,7800000.0,0.0,6350000.0,0.0,0.0,0.0,0.0,0.0,0.0,0.0,0.0,2410000.0,0.0,0.0,0.0,0.0,0.0,0.0,0.0,0.0,1960000.0,36900000.0,0.0,0.0,12100000.0,0.0,0.0,0.0,0.0,0.0,1360000.0,0.0,2260000.0,0.0,0.0,0.0,0.0,0.0,0.0,0.0,24800000.0,0.0,0.0,0.0,0.0,0.0,0.0,0.0,0.0,0.0,0.0,0.0,0.0,506000.0,0.0,0.0,0.0,0.0,0.0,0.0,0.0,0.0,341000.0,0.0,0.0,0.0,0.0,0.0,0.0,0.0,294000.0,0.0,0.0,0.0,0.0,0.0,0.0,0.0,999000.0,14700000.0,0.0,0.0,0.0,0.0,1250000.0,486000.0,1040000.0,12800000.0,5330000.0,0.0,0.0,4970000.0,2270000.0,0.0,0.0,0.0,0.0,0.0,0.0,0.0,0.0,0.0,7670000.0,0.0,5340000.0,72100000.0,0.0,0.0,0.0,0.0,0.0,0.0,0.0,46504000.0,1040000.0,103730000.0,80406000.0,1867000.0,0.0,233547000.0
2011,0.0,0.0,0.0,0.0,0.0,0.0,0.0,0.0,0.0,0.0,0.0,4150000.0,0.0,0.0,0.0,0.0,0.0,0.0,0.0,0.0,0.0,7820000.0,0.0,0.0,0.0,0.0,0.0,0.0,0.0,0.0,0.0,0.0,2430000.0,0.0,0.0,0.0,0.0,0.0,0.0,0.0,0.0,1990000.0,38000000.0,0.0,0.0,9280000.0,0.0,0.0,0.0,0.0,0.0,1350000.0,0.0,0.0,0.0,0.0,0.0,0.0,0.0,0.0,0.0,8750000.0,0.0,0.0,0.0,0.0,0.0,0.0,0.0,0.0,0.0,0.0,0.0,0.0,868000.0,0.0,0.0,0.0,0.0,0.0,0.0,0.0,0.0,356000.0,0.0,0.0,0.0,0.0,0.0,0.0,0.0,0.0,0.0,0.0,0.0,0.0,0.0,0.0,0.0,0.0,0.0,0.0,0.0,0.0,0.0,1240000.0,534000.0,0.0,12900000.0,4960000.0,0.0,0.0,5160000.0,2300000.0,0.0,0.0,0.0,0.0,0.0,0.0,0.0,0.0,0.0,0.0,0.0,5940000.0,70600000.0,0.0,0.0,0.0,0.0,0.0,0.0,0.0,21650000.0,0.0,77690000.0,79288000.0,0.0,0.0,178628000.0
